,gender,NationalITy,PlaceofBirth,StageID,GradeID,SectionID,Topic,Semester,Relation,raisedhands,VisITedResources,AnnouncementsView,Discussion,ParentAnsweringSurvey,ParentschoolSatisfaction,StudentAbsenceDays,Class
155,M,SaudiArabia,USA,HighSchool,G-11,B,Math,S,Father,70,58,73,91,Yes,Bad,Under-7,H
395,M,Jordan,Palestine,MiddleSchool,G-07,A,Biology,S,Mum,70,98,54,72,Yes,Good,Under-7,H
21,F,KW,KuwaIT,MiddleSchool,G-07,B,IT,F,Father,10,12,4,80,No,Bad,Under-7,M
594,M,KW,KuwaIT,lowerlevel,G-02,B,IT,F,Father,11,2,0,50,No,Bad,Above-7,L
933,F,Jordan,Jordan,MiddleSchool,G-08,A,Geology,S,Father,29,78,40,12,Yes,Good,Above-7,M
677,M,KW,KuwaIT,MiddleSchool,G-08,A,Arabic,S,Mum,83,75,62,53,No,Bad,Under-7,H
80,M,KW,KuwaIT,MiddleSchool,G-07,A,Math,F,Father,8,15,10,40,Yes,Bad,Under-7,L
34,M,KW,KuwaIT,MiddleSchool,G-07,B,Science,F,Father,12,11,8,40,No,Bad,Above-7,L
138,F,Jordan,Egypt,MiddleSchool,G-07,A,Quran,F,Mum,100,80,95,90,No,Bad,Under-7,H
723,M,Egypt,KuwaIT,MiddleSchool,G-07,B,Science,S,Father,12,20,38,46,No,Bad,Above-7,M
665,M,lebanon,Jordan,MiddleSchool,G-08,A,Arabic,S,Mum,87,65,82,33,Yes,Good,Under-7,H
531,M,KW,KuwaIT,HighSchool,G-12,A,English,F,Father,39,15,16,50,No,Good,Above-7,L
514,M,KW,KuwaIT,MiddleSchool,G-07,B,Science,F,Father,12,11,8,40,No,Bad,Above-7,L
372,F,Jordan,Jordan,lowerlevel,G-02,A,Arabic,F,Father,10,20,22,97,No,Bad,Above-7,L
874,M,Jordan,Palestine,MiddleSchool,G-07,A,Biology,F,Mum,78,91,50,40,Yes,Good,Under-7,H
359,F,lebanon,lebanon,lowerlevel,G-02,B,French,S,Mum,75,90,51,17,Yes,Good,Under-7,H
384,F,Iraq,Iraq,lowerlevel,G-02,B,Arabic,F,Mum,89,92,40,28,Yes,Good,Under-7,H
210,M,Jordan,SaudiArabia,MiddleSchool,G-08,C,Spanish,S,Mum,27,90,82,14,Yes,Good,Under-7,H
222,M,KW,KuwaIT,MiddleSchool,G-08,B,Spanish,S,Father,62,61,82,40,Yes,Bad,Under-7,M
754,F,lebanon,lebanon,MiddleSchool,G-06,A,English,F,Mum,95,82,82,70,Yes,Good,Under-7,H
725,F,KW,KuwaIT,MiddleSchool,G-06,A,IT,S,Father,50,40,52,66,Yes,Bad,Under-7,M
620,M,Tunis,Tunis,MiddleSchool,G-07,A,Quran,F,Father,10,60,5,20,Yes,Bad,Above-7,L
92,F,KW,KuwaIT,lowerlevel,G-02,B,IT,F,Father,50,70,19,15,Yes,Good,Under-7,H
478,F,Jordan,Jordan,MiddleSchool,G-08,A,History,F,Father,30,17,14,57,No,Bad,Above-7,L
954,F,Jordan,Jordan,MiddleSchool,G-08,A,Chemistry,F,Father,2,7,4,8,No,Bad,Above-7,L
664,M,lebanon,lebanon,MiddleSchool,G-08,A,Arabic,S,Mum,10,35,30,13,No,Bad,Above-7,L
596,F,KW,KuwaIT,lowerlevel,G-02,C,IT,F,Mum,77,80,12,19,Yes,Good,Above-7,M
602,F,KW,KuwaIT,lowerlevel,G-02,B,IT,F,Father,66,90,55,12,Yes,Good,Above-7,M
406,M,Jordan,Jordan,MiddleSchool,G-07,A,Biology,F,Mum,2,9,10,1,No,Bad,Above-7,L
170,M,KW,KuwaIT,lowerlevel,G-02,B,French,S,Father,40,62,83,33,Yes,Good,Under-7,H
9,F,KW,KuwaIT,MiddleSchool,G-07,B,IT,F,Father,70,80,25,70,Yes,Good,Under-7,M
433,M,Jordan,SaudiArabia,MiddleSchool,G-08,A,Geology,S,Father,87,79,73,98,No,Bad,Under-7,M
135,F,Egypt,Egypt,MiddleSchool,G-07,A,Quran,S,Mum,70,80,95,70,Yes,Good,Under-7,H
68,F,USA,USA,HighSchool,G-12,A,IT,F,Mum,70,69,35,30,Yes,Good,Under-7,H
164,M,Jordan,Jordan,lowerlevel,G-02,B,French,S,Mum,55,72,83,14,Yes,Good,Above-7,M
738,F,KW,KuwaIT,lowerlevel,G-04,A,History,S,Father,80,97,86,95,Yes,Good,Under-7,M
810,M,Jordan,Jordan,lowerlevel,G-02,A,French,F,Father,40,7,50,41,No,Good,Above-7,L
918,M,Jordan,Jordan,MiddleSchool,G-08,A,Chemistry,F,Mum,80,82,76,19,Yes,Good,Under-7,M
276,M,Palestine,Jordan,MiddleSchool,G-06,A,English,F,Mum,72,21,22,26,Yes,Good,Under-7,H
171,M,KW,KuwaIT,lowerlevel,G-02,B,French,S,Mum,60,52,23,33,No,Good,Under-7,M
576,F,KW,KuwaIT,lowerlevel,G-02,C,IT,F,Father,14,60,11,75,Yes,Good,Under-7,H
742,F,KW,KuwaIT,lowerlevel,G-04,A,History,S,Mum,21,27,52,34,Yes,Good,Above-7,M
898,M,Palestine,Jordan,MiddleSchool,G-07,B,Biology,F,Father,88,90,76,81,Yes,Good,Under-7,H
678,M,Morocco,Morocco,MiddleSchool,G-08,B,Arabic,S,Father,27,15,42,53,No,Bad,Above-7,L
450,F,Jordan,Jordan,MiddleSchool,G-08,A,Chemistry,F,Father,15,97,22,10,Yes,Good,Under-7,H
684,M,Jordan,Jordan,MiddleSchool,G-08,B,Arabic,S,Father,29,10,12,24,No,Bad,Above-7,L
519,F,SaudiArabia,SaudiArabia,MiddleSchool,G-07,B,Science,F,Father,50,90,37,70,Yes,Good,Under-7,M
281,M,Iraq,Iraq,MiddleSchool,G-06,A,English,S,Mum,74,60,56,37,No,Good,Under-7,H
323,M,Jordan,Jordan,lowerlevel,G-02,A,French,S,Father,30,10,20,5,No,Bad,Above-7,L
169,M,KW,KuwaIT,lowerlevel,G-02,B,French,S,Mum,30,12,29,23,No,Bad,Under-7,M
734,M,KW,KuwaIT,lowerlevel,G-04,A,English,S,Father,59,97,42,70,Yes,Good,Under-7,H
924,M,Jordan,Jordan,MiddleSchool,G-08,A,Chemistry,F,Mum,75,72,64,39,Yes,Good,Above-7,L
147,F,lebanon,lebanon,MiddleSchool,G-07,A,Quran,S,Father,10,79,30,30,No,Bad,Under-7,M
502,M,KW,KuwaIT,MiddleSchool,G-07,A,IT,F,Father,15,21,2,90,No,Bad,Under-7,M
365,M,Iraq,Iraq,lowerlevel,G-02,A,Arabic,S,Father,78,70,31,29,Yes,Good,Under-7,H
180,F,SaudiArabia,SaudiArabia,lowerlevel,G-02,B,French,S,Father,60,70,63,93,Yes,Bad,Under-7,H
663,F,lebanon,lebanon,MiddleSchool,G-08,A,Arabic,S,Father,25,15,32,53,No,Bad,Under-7,M
877,M,Jordan,Jordan,MiddleSchool,G-07,A,Biology,S,Father,85,82,59,63,Yes,Bad,Under-7,M
562,M,KW,KuwaIT,lowerlevel,G-02,B,IT,F,Father,7,5,2,80,Yes,Good,Above-7,L
894,F,Lybia,Lybia,MiddleSchool,G-07,B,Biology,F,Mum,10,9,2,1,No,Good,Above-7,L
284,M,Jordan,Jordan,MiddleSchool,G-06,A,English,F,Father,40,38,32,36,No,Bad,Above-7,M
87,M,KW,KuwaIT,lowerlevel,G-02,B,IT,F,Father,19,70,3,50,No,Bad,Under-7,L
453,F,Jordan,Jordan,MiddleSchool,G-08,A,Geology,S,Father,29,78,40,12,Yes,Good,Above-7,M
271,F,Jordan,Jordan,MiddleSchool,G-06,A,English,S,Mum,92,81,32,36,No,Good,Under-7,M
237,M,KW,KuwaIT,MiddleSchool,G-07,B,Science,S,Father,72,80,58,66,Yes,Good,Above-7,M
310,M,Jordan,Jordan,lowerlevel,G-04,B,Science,F,Father,25,29,34,33,No,Good,Above-7,M
793,F,Jordan,Jordan,lowerlevel,G-04,B,Science,S,Mum,62,64,69,49,Yes,Good,Under-7,H
233,F,Jordan,Jordan,MiddleSchool,G-07,B,Science,S,Mum,32,80,58,46,Yes,Good,Above-7,M
460,M,Iraq,Iraq,MiddleSchool,G-08,A,Geology,F,Father,80,83,82,71,Yes,Good,Above-7,M
349,M,Lybia,Lybia,lowerlevel,G-02,B,French,S,Mum,15,4,12,7,No,Good,Above-7,L
771,F,Jordan,Jordan,lowerlevel,G-04,A,Science,S,Father,42,24,12,24,No,Bad,Above-7,L
646,M,KW,KuwaIT,lowerlevel,G-02,B,French,S,Mum,51,82,53,43,No,Bad,Under-7,M
211,M,KW,KuwaIT,MiddleSchool,G-08,C,Spanish,S,Father,17,61,42,14,No,Bad,Under-7,M
525,M,KW,KuwaIT,MiddleSchool,G-07,A,Quran,F,Father,20,12,15,70,No,Good,Above-7,L
752,M,Jordan,Jordan,MiddleSchool,G-06,A,English,F,Father,42,21,2,16,No,Bad,Under-7,M
804,M,Syria,Syria,lowerlevel,G-02,A,French,F,Father,24,35,18,31,No,Bad,Under-7,M
770,F,Jordan,Jordan,lowerlevel,G-04,A,Science,F,Father,49,36,32,44,No,Bad,Above-7,L
347,F,Jordan,Jordan,lowerlevel,G-02,B,French,S,Mum,23,82,20,30,No,Good,Under-7,H
416,M,Iraq,Iraq,MiddleSchool,G-07,B,Biology,F,Father,98,90,86,71,Yes,Good,Under-7,H
136,F,KW,USA,HighSchool,G-11,A,Quran,S,Mum,70,80,95,70,Yes,Good,Under-7,H
319,F,Jordan,Jordan,lowerlevel,G-02,A,French,S,Mum,50,95,23,10,Yes,Good,Under-7,H
360,M,Jordan,Jordan,lowerlevel,G-02,A,Arabic,F,Father,20,88,31,28,Yes,Good,Above-7,M
676,M,KW,KuwaIT,MiddleSchool,G-08,A,Arabic,S,Mum,92,65,62,53,Yes,Good,Under-7,H
403,M,Jordan,Jordan,MiddleSchool,G-07,A,Biology,S,Father,65,89,64,82,No,Good,Under-7,H
735,M,KW,KuwaIT,lowerlevel,G-04,A,History,S,Father,10,17,12,40,Yes,Good,Under-7,H
471,M,Palestine,Jordan,MiddleSchool,G-08,A,History,S,Father,78,82,78,53,Yes,Good,Under-7,M
427,M,Jordan,Jordan,MiddleSchool,G-08,A,Chemistry,S,Mum,81,82,69,13,Yes,Good,Above-7,M
604,M,KW,KuwaIT,lowerlevel,G-02,C,IT,F,Father,0,6,4,15,Yes,Bad,Under-7,L
687,M,KW,KuwaIT,MiddleSchool,G-08,C,Spanish,S,Father,17,21,42,14,Yes,Good,Under-7,M
22,M,KW,KuwaIT,MiddleSchool,G-07,A,IT,F,Father,15,21,2,90,No,Bad,Under-7,M
895,F,Lybia,Lybia,MiddleSchool,G-07,B,Biology,S,Mum,9,7,9,3,No,Good,Above-7,L
780,M,Jordan,Jordan,lowerlevel,G-04,A,Science,F,Father,10,12,20,13,No,Bad,Above-7,L
805,M,Syria,Syria,lowerlevel,G-02,A,French,S,Father,27,20,33,35,No,Bad,Under-7,M
220,M,lebanon,lebanon,MiddleSchool,G-08,C,Spanish,S,Father,77,69,41,13,Yes,Good,Under-7,M
686,M,KW,KuwaIT,MiddleSchool,G-08,B,Arabic,S,Father,67,31,42,14,Yes,Good,Under-7,M
297,F,Jordan,Jordan,lowerlevel,G-04,A,Science,S,Mum,72,74,82,89,No,Good,Under-7,H
908,M,Jordan,SaudiArabia,MiddleSchool,G-08,A,Chemistry,F,Father,10,0,2,41,No,Bad,Above-7,L
492,M,KW,KuwaIT,lowerlevel,G-04,A,IT,F,Father,5,1,0,11,No,Bad,Above-7,L
569,M,KW,KuwaIT,lowerlevel,G-02,B,IT,F,Father,5,20,1,50,Yes,Good,Above-7,L
794,F,Jordan,lebanon,lowerlevel,G-04,B,Science,F,Mum,78,88,74,83,Yes,Good,Under-7,H
172,M,Iran,Iran,lowerlevel,G-02,B,French,S,Mum,20,22,53,13,No,Good,Above-7,L
105,F,KW,KuwaIT,lowerlevel,G-02,B,IT,F,Father,0,0,5,80,Yes,Good,Above-7,L
303,F,Jordan,Jordan,lowerlevel,G-04,B,Science,S,Mum,12,44,25,39,No,Bad,Under-7,M
916,M,Jordan,Jordan,MiddleSchool,G-08,A,Geology,F,Mum,80,81,71,30,Yes,Good,Under-7,M
549,M,Jordan,Jordan,MiddleSchool,G-07,A,IT,F,Father,39,40,11,33,No,Bad,Under-7,M
518,M,KW,KuwaIT,MiddleSchool,G-06,A,IT,F,Father,0,0,0,4,No,Bad,Above-7,L
189,F,KW,KuwaIT,MiddleSchool,G-08,A,Arabic,S,Father,85,66,12,23,No,Bad,Under-7,M
614,M,KW,KuwaIT,MiddleSchool,G-07,A,Quran,S,Father,80,80,15,70,Yes,Good,Under-7,H
25,M,KW,KuwaIT,MiddleSchool,G-07,A,IT,F,Father,8,7,30,40,Yes,Good,Above-7,L
358,F,lebanon,lebanon,lowerlevel,G-02,B,French,F,Mum,72,98,52,15,Yes,Good,Under-7,H
424,F,Jordan,Jordan,MiddleSchool,G-08,A,Geology,F,Mum,90,79,76,79,Yes,Good,Under-7,H
790,M,Jordan,Jordan,lowerlevel,G-04,B,Science,F,Father,25,29,34,33,No,Good,Above-7,M
474,F,Jordan,Jordan,MiddleSchool,G-08,A,Chemistry,F,Father,2,7,4,8,No,Bad,Above-7,L
17,M,KW,KuwaIT,MiddleSchool,G-07,A,Math,F,Father,55,13,35,90,No,Bad,Above-7,M
595,M,KW,KuwaIT,lowerlevel,G-02,B,IT,F,Father,0,8,11,70,Yes,Good,Above-7,L
40,F,KW,KuwaIT,MiddleSchool,G-07,A,IT,F,Father,14,13,3,70,No,Bad,Above-7,L
807,M,Jordan,Jordan,lowerlevel,G-02,A,French,S,Father,30,10,20,5,No,Bad,Above-7,L
10,M,KW,KuwaIT,MiddleSchool,G-07,A,Math,F,Father,50,88,30,80,Yes,Good,Under-7,H
858,M,Jordan,Jordan,lowerlevel,G-02,B,Arabic,F,Father,10,30,50,91,Yes,Bad,Above-7,L
685,F,SaudiArabia,SaudiArabia,MiddleSchool,G-08,B,Arabic,S,Mum,72,51,42,24,Yes,Bad,Above-7,H
532,F,KW,KuwaIT,HighSchool,G-12,A,English,F,Father,55,90,16,40,No,Bad,Under-7,M
401,M,Jordan,Jordan,MiddleSchool,G-07,A,Biology,S,Father,35,80,34,22,No,Good,Above-7,M
51,M,KW,KuwaIT,HighSchool,G-12,A,English,F,Father,39,15,16,50,No,Good,Above-7,L
353,F,Jordan,Jordan,lowerlevel,G-02,B,French,S,Mum,25,89,21,13,Yes,Good,Under-7,M
888,M,Jordan,Jordan,MiddleSchool,G-07,B,Biology,F,Father,50,79,10,31,No,Bad,Under-7,M
541,M,KW,KuwaIT,HighSchool,G-10,A,IT,F,Father,50,70,32,40,Yes,Good,Under-7,M
188,M,KW,KuwaIT,MiddleSchool,G-08,A,Arabic,S,Mum,75,71,72,53,Yes,Good,Under-7,H
641,M,Jordan,Jordan,MiddleSchool,G-07,B,Science,S,Mum,72,80,58,66,No,Bad,Under-7,M
408,M,Jordan,Jordan,MiddleSchool,G-07,B,Biology,F,Father,50,79,10,31,No,Bad,Under-7,M
81,M,KW,KuwaIT,lowerlevel,G-02,A,IT,F,Father,8,25,1,70,No,Bad,Above-7,L
294,M,Iraq,Iraq,lowerlevel,G-04,A,Science,F,Father,90,86,82,74,Yes,Good,Above-7,M
861,F,Jordan,Jordan,lowerlevel,G-02,B,Arabic,S,Father,10,12,29,93,No,Bad,Above-7,L
513,M,KW,KuwaIT,lowerlevel,G-05,A,English,F,Father,8,22,9,40,No,Bad,Above-7,L
575,F,KW,KuwaIT,lowerlevel,G-02,B,IT,F,Father,100,80,2,70,No,Bad,Under-7,H
863,M,Iraq,Iraq,lowerlevel,G-02,B,Arabic,S,Mum,70,83,29,33,Yes,Good,Under-7,H
329,F,Jordan,Palestine,lowerlevel,G-02,A,French,S,Mum,75,85,73,80,Yes,Good,Under-7,M
387,M,Jordan,Jordan,lowerlevel,G-02,B,Arabic,S,Mum,20,77,31,88,Yes,Good,Under-7,M
645,F,Morocco,Morocco,lowerlevel,G-02,B,French,S,Mum,72,65,73,66,Yes,Good,Under-7,H
265,F,Jordan,Jordan,MiddleSchool,G-06,A,English,S,Mum,79,84,82,37,No,Bad,Under-7,H
504,M,KW,KuwaIT,MiddleSchool,G-07,B,IT,F,Father,0,2,3,70,Yes,Good,Above-7,L
563,M,KW,KuwaIT,lowerlevel,G-02,B,IT,F,Father,7,4,10,50,No,Good,Above-7,M
97,F,KW,KuwaIT,lowerlevel,G-02,B,IT,F,Father,6,2,38,12,No,Bad,Under-7,M
904,F,Jordan,Jordan,MiddleSchool,G-08,A,Geology,F,Mum,90,79,76,79,Yes,Good,Under-7,H
890,F,Jordan,Jordan,MiddleSchool,G-07,B,Biology,F,Mum,70,89,12,21,No,Good,Under-7,H
116,F,KW,KuwaIT,lowerlevel,G-02,C,IT,F,Mum,77,80,12,19,Yes,Good,Above-7,M
731,M,Egypt,Egypt,lowerlevel,G-04,A,English,S,Mum,19,74,32,17,No,Good,Above-7,L
910,M,Jordan,SaudiArabia,MiddleSchool,G-08,A,Geology,F,Father,85,89,22,61,No,Bad,Under-7,H
275,F,lebanon,lebanon,MiddleSchool,G-06,A,English,S,Mum,90,62,80,60,Yes,Good,Under-7,H
240,M,KW,KuwaIT,MiddleSchool,G-07,B,Science,S,Mum,72,80,98,96,Yes,Bad,Under-7,H
257,F,KW,KuwaIT,lowerlevel,G-04,A,History,S,Father,70,99,66,65,No,Good,Under-7,M
127,M,KW,KuwaIT,lowerlevel,G-02,B,IT,F,Father,55,33,6,9,No,Bad,Above-7,L
906,M,Jordan,Jordan,MiddleSchool,G-08,A,Chemistry,F,Mum,80,80,62,11,Yes,Good,Above-7,M
311,M,Jordan,Jordan,lowerlevel,G-04,B,Science,S,Father,42,34,29,39,No,Good,Above-7,M
739,M,KW,KuwaIT,lowerlevel,G-04,A,English,S,Mum,69,34,12,17,No,Bad,Above-7,L
269,M,Jordan,Jordan,MiddleSchool,G-06,A,English,S,Father,18,28,40,20,Yes,Bad,Above-7,M
328,F,Jordan,Palestine,lowerlevel,G-02,A,French,F,Mum,80,77,63,83,Yes,Good,Under-7,M
343,M,Jordan,Jordan,lowerlevel,G-02,B,French,S,Mum,35,92,29,33,No,Bad,Under-7,M
417,M,Iraq,Iraq,MiddleSchool,G-07,B,Biology,S,Father,89,92,89,83,Yes,Good,Under-7,H
407,M,Jordan,Jordan,MiddleSchool,G-07,A,Biology,S,Mum,3,8,19,3,No,Bad,Above-7,L
209,M,KW,KuwaIT,MiddleSchool,G-08,C,Spanish,S,Father,70,81,39,84,No,Bad,Under-7,M
766,F,Jordan,Jordan,MiddleSchool,G-06,A,English,F,Mum,51,79,85,89,Yes,Good,Under-7,H
18,F,KW,KuwaIT,MiddleSchool,G-07,A,IT,F,Mum,69,15,36,96,Yes,Good,Under-7,M
24,M,KW,KuwaIT,MiddleSchool,G-07,B,IT,F,Father,0,2,3,70,Yes,Good,Above-7,L
432,M,Jordan,SaudiArabia,MiddleSchool,G-08,A,Geology,F,Father,95,87,62,81,No,Bad,Under-7,M
826,F,Jordan,Jordan,lowerlevel,G-02,B,French,S,Mum,24,97,15,14,No,Good,Under-7,H
67,F,USA,USA,HighSchool,G-12,A,English,F,Mum,65,75,23,80,Yes,Good,Under-7,H
242,M,KW,KuwaIT,MiddleSchool,G-07,B,Science,S,Father,22,20,18,6,No,Bad,Above-7,L
802,M,Jordan,Jordan,lowerlevel,G-02,A,French,F,Father,10,15,10,21,No,Bad,Above-7,L
829,M,Lybia,Lybia,lowerlevel,G-02,B,French,S,Mum,15,4,12,7,No,Good,Above-7,L
357,M,Jordan,Jordan,lowerlevel,G-02,B,French,S,Father,25,87,21,27,Yes,Good,Under-7,M
282,F,Jordan,Jordan,MiddleSchool,G-06,A,English,F,Mum,95,94,72,80,No,Good,Under-7,H
473,M,Palestine,Palestine,MiddleSchool,G-08,A,Geology,S,Father,85,88,79,70,Yes,Good,Under-7,M
336,F,Palestine,Jordan,lowerlevel,G-02,A,French,F,Mum,70,90,20,21,No,Good,Under-7,M
705,M,KW,KuwaIT,MiddleSchool,G-08,A,Spanish,S,Mum,72,90,12,30,No,Bad,Under-7,M
412,M,Palestine,Jordan,MiddleSchool,G-07,B,Biology,F,Father,78,80,66,51,Yes,Good,Under-7,M
160,F,Jordan,Jordan,MiddleSchool,G-07,B,Science,S,Mum,82,89,58,50,Yes,Good,Under-7,H
228,M,KW,KuwaIT,HighSchool,G-11,B,Math,S,Mum,73,84,77,81,Yes,Good,Above-7,H
112,M,KW,KuwaIT,lowerlevel,G-02,B,IT,F,Father,2,5,3,50,No,Bad,Above-7,L
841,M,Jordan,Jordan,lowerlevel,G-02,A,Arabic,S,Father,10,98,41,38,Yes,Good,Above-7,M
798,F,Jordan,Jordan,lowerlevel,G-02,A,French,F,Mum,60,97,13,3,Yes,Good,Under-7,H
36,M,KW,KuwaIT,MiddleSchool,G-07,B,Science,F,Mum,8,6,4,22,Yes,Good,Above-7,L
959,F,Jordan,Jordan,MiddleSchool,G-08,A,History,S,Father,35,14,23,62,No,Bad,Above-7,L
717,M,KW,KuwaIT,MiddleSchool,G-07,B,Science,S,Father,72,80,58,66,Yes,Good,Above-7,M
728,F,KW,KuwaIT,MiddleSchool,G-06,A,Quran,S,Father,70,40,2,16,No,Bad,Above-7,L
5,F,KW,KuwaIT,lowerlevel,G-04,A,IT,F,Father,42,30,13,70,Yes,Bad,Above-7,M
706,M,KW,KuwaIT,MiddleSchool,G-08,B,Spanish,S,Father,2,11,62,30,No,Bad,Under-7,L
74,M,KW,KuwaIT,MiddleSchool,G-07,B,IT,F,Father,12,0,6,13,No,Bad,Under-7,L
327,M,Jordan,Jordan,lowerlevel,G-02,A,French,S,Father,30,10,20,5,No,Bad,Above-7,L
884,F,Syria,Syria,MiddleSchool,G-07,A,Biology,F,Mum,96,95,70,70,Yes,Good,Under-7,H
488,F,KW,KuwaIT,MiddleSchool,G-07,A,Math,F,Father,12,21,16,50,Yes,Good,Under-7,M
795,F,Jordan,lebanon,lowerlevel,G-04,B,Science,S,Mum,72,84,89,89,Yes,Good,Under-7,H
920,M,Jordan,Jordan,MiddleSchool,G-08,A,Geology,F,Mum,89,87,86,15,Yes,Good,Under-7,M
878,M,Palestine,Palestine,MiddleSchool,G-07,A,Biology,F,Father,88,90,86,81,Yes,Good,Under-7,H
571,M,KW,KuwaIT,lowerlevel,G-02,B,IT,F,Father,80,90,55,19,Yes,Good,Under-7,H
153,M,SaudiArabia,USA,HighSchool,G-11,B,Spanish,S,Father,10,51,40,40,No,Bad,Above-7,L
199,M,KW,KuwaIT,MiddleSchool,G-08,B,Arabic,S,Father,45,95,12,13,No,Bad,Under-7,M
283,F,Jordan,Jordan,MiddleSchool,G-06,A,English,S,Mum,97,87,82,86,No,Good,Under-7,H
843,M,Palestine,Jordan,lowerlevel,G-02,A,Arabic,S,Father,80,88,51,39,Yes,Good,Under-7,H
522,M,KW,KuwaIT,HighSchool,G-09,A,IT,F,Father,10,12,7,33,Yes,Good,Above-7,L
812,F,Jordan,Jordan,lowerlevel,G-02,A,French,F,Mum,10,90,30,21,No,Good,Under-7,M
320,F,Jordan,Jordan,lowerlevel,G-02,A,French,F,Mum,60,87,23,11,Yes,Good,Above-7,M
512,F,KW,KuwaIT,lowerlevel,G-07,A,IT,F,Father,2,19,10,50,Yes,Good,Above-7,L
565,M,KW,KuwaIT,lowerlevel,G-02,B,IT,F,Father,1,0,1,12,No,Bad,Above-7,L
53,F,KW,KuwaIT,HighSchool,G-11,A,Science,F,Mum,49,70,19,75,Yes,Good,Under-7,H
584,M,KW,KuwaIT,lowerlevel,G-02,B,IT,F,Father,0,12,3,3,Yes,Good,Above-7,M
862,M,Iraq,Iraq,lowerlevel,G-02,B,Arabic,F,Mum,69,82,20,28,Yes,Good,Under-7,H
833,F,Jordan,Jordan,lowerlevel,G-02,B,French,S,Mum,25,89,21,13,Yes,Good,Under-7,M
703,M,KW,KuwaIT,MiddleSchool,G-08,A,Spanish,S,Mum,72,83,12,90,Yes,Good,Under-7,H
391,F,Jordan,Jordan,MiddleSchool,G-07,A,Biology,S,Mum,90,88,54,12,Yes,Good,Above-7,M
710,M,Iran,Iran,MiddleSchool,G-08,A,Spanish,S,Mum,51,42,12,29,No,Bad,Above-7,M
845,M,Iraq,Iraq,lowerlevel,G-02,A,Arabic,S,Father,78,70,31,29,Yes,Good,Under-7,H
781,M,Jordan,Jordan,lowerlevel,G-04,A,Science,S,Father,22,34,15,9,No,Bad,Above-7,L
621,M,Tunis,Tunis,MiddleSchool,G-07,A,Quran,S,Father,19,65,50,10,No,Bad,Above-7,L
768,M,Palestine,Jordan,MiddleSchool,G-06,A,English,F,Mum,71,70,65,69,Yes,Good,Under-7,M
499,M,KW,KuwaIT,MiddleSchool,G-07,B,IT,F,Mum,70,50,40,99,Yes,Good,Under-7,H
295,M,Iraq,Iraq,lowerlevel,G-04,A,Science,S,Father,62,64,72,84,Yes,Good,Above-7,M
856,M,Jordan,Jordan,lowerlevel,G-02,B,Arabic,F,Mum,20,90,50,61,Yes,Bad,Above-7,M
561,M,KW,KuwaIT,lowerlevel,G-02,A,IT,F,Father,8,25,1,70,No,Bad,Above-7,L
708,M,KW,KuwaIT,HighSchool,G-11,B,Math,S,Mum,73,84,77,81,Yes,Good,Above-7,H
885,F,Syria,Syria,MiddleSchool,G-07,A,Biology,S,Mum,80,91,87,72,Yes,Good,Under-7,H
593,M,KW,KuwaIT,lowerlevel,G-02,B,IT,F,Father,25,27,0,69,No,Bad,Above-7,L
178,F,lebanon,lebanon,lowerlevel,G-02,B,French,S,Mum,80,42,33,13,Yes,Bad,Under-7,H
167,M,Tunis,Tunis,lowerlevel,G-02,B,French,S,Mum,80,92,83,43,Yes,Good,Under-7,H
463,M,Iraq,Iraq,MiddleSchool,G-08,A,History,S,Father,69,77,83,92,Yes,Good,Above-7,M
932,F,Jordan,Jordan,MiddleSchool,G-08,A,Geology,F,Father,25,82,52,20,Yes,Good,Above-7,M
763,F,Jordan,Jordan,MiddleSchool,G-06,A,English,S,Mum,97,87,82,86,No,Good,Under-7,H
299,M,Jordan,Jordan,lowerlevel,G-04,A,Science,S,Father,32,14,32,29,No,Good,Above-7,M
657,F,USA,USA,lowerlevel,G-02,B,French,S,Mum,15,52,83,11,Yes,Bad,Under-7,M
652,M,Iran,Iran,lowerlevel,G-02,B,French,S,Mum,20,22,53,13,No,Good,Above-7,L
537,M,KW,KuwaIT,MiddleSchool,G-07,A,Math,F,Father,5,2,6,5,Yes,Good,Above-7,L
158,M,Tunis,KuwaIT,MiddleSchool,G-07,B,Science,S,Father,22,51,48,10,No,Bad,Above-7,L
649,M,KW,KuwaIT,lowerlevel,G-02,B,French,S,Mum,30,12,29,23,No,Bad,Under-7,M
141,M,Tunis,Tunis,MiddleSchool,G-07,A,Quran,S,Father,19,65,50,10,No,Bad,Above-7,L
16,M,KW,KuwaIT,MiddleSchool,G-07,B,IT,F,Father,36,30,20,80,No,Bad,Above-7,M
14,F,KW,KuwaIT,MiddleSchool,G-08,A,Math,F,Mum,62,70,44,60,No,Bad,Above-7,H
362,M,Palestine,Jordan,lowerlevel,G-02,A,Arabic,F,Father,90,98,41,38,Yes,Good,Under-7,H
700,M,lebanon,lebanon,MiddleSchool,G-08,C,Spanish,S,Father,77,69,41,13,Yes,Good,Under-7,M
397,M,Jordan,Jordan,MiddleSchool,G-07,A,Biology,S,Father,85,82,59,63,Yes,Bad,Under-7,M
106,F,KW,KuwaIT,lowerlevel,G-02,B,IT,F,Father,12,26,7,40,Yes,Good,Under-7,M
846,M,Jordan,Jordan,lowerlevel,G-02,A,Arabic,F,Father,10,18,71,38,Yes,Good,Above-7,M
756,M,Palestine,Jordan,MiddleSchool,G-06,A,English,F,Mum,72,21,22,26,Yes,Good,Under-7,H
674,M,Morocco,Morocco,MiddleSchool,G-08,A,Arabic,S,Mum,53,75,72,23,No,Bad,Under-7,M
808,F,Jordan,Palestine,lowerlevel,G-02,A,French,F,Mum,80,77,63,83,Yes,Good,Under-7,M
782,F,Jordan,Jordan,lowerlevel,G-04,B,Science,F,Mum,11,20,21,23,No,Bad,Under-7,M
168,M,KW,KuwaIT,lowerlevel,G-02,B,French,S,Mum,60,52,23,33,Yes,Good,Under-7,H
923,M,Jordan,Jordan,MiddleSchool,G-08,A,History,S,Mum,70,76,65,70,Yes,Good,Above-7,M
48,F,KW,KuwaIT,HighSchool,G-12,A,English,F,Mum,13,80,40,88,Yes,Good,Under-7,H
1,M,KW,KuwaIT,lowerlevel,G-04,A,IT,F,Father,20,20,3,25,Yes,Good,Under-7,M
217,F,Jordan,KuwaIT,MiddleSchool,G-08,C,Spanish,S,Father,87,88,40,10,Yes,Good,Under-7,M
942,M,Iraq,Iraq,MiddleSchool,G-08,A,History,F,Father,72,87,72,89,Yes,Good,Above-7,M
191,M,KW,KuwaIT,MiddleSchool,G-08,A,Arabic,S,Father,15,25,37,13,Yes,Good,Above-7,L
651,M,KW,KuwaIT,lowerlevel,G-02,B,French,S,Mum,60,52,23,33,No,Good,Under-7,M
553,F,KW,KuwaIT,MiddleSchool,G-07,A,English,F,Father,19,30,26,19,Yes,Bad,Above-7,M
161,M,Jordan,Jordan,MiddleSchool,G-07,B,Science,S,Mum,72,80,58,66,No,Bad,Under-7,M
847,M,Jordan,Jordan,lowerlevel,G-02,A,Arabic,S,Father,10,58,51,48,Yes,Good,Above-7,M
912,M,Jordan,SaudiArabia,MiddleSchool,G-08,A,Geology,F,Father,95,87,62,81,No,Bad,Under-7,M
185,M,lebanon,Jordan,MiddleSchool,G-08,A,Arabic,S,Mum,87,65,82,33,Yes,Good,Under-7,H
4,M,KW,KuwaIT,lowerlevel,G-04,A,IT,F,Father,40,50,12,50,No,Bad,Above-7,M
762,F,Jordan,Jordan,MiddleSchool,G-06,A,English,F,Mum,95,94,72,80,No,Good,Under-7,H
446,M,Jordan,Jordan,MiddleSchool,G-08,A,Geology,F,Mum,77,82,74,79,Yes,Good,Under-7,M
937,F,Jordan,Jordan,MiddleSchool,G-08,A,Chemistry,S,Father,79,91,49,22,Yes,Good,Under-7,H
7,M,KW,KuwaIT,MiddleSchool,G-07,A,Math,F,Father,50,10,15,22,Yes,Good,Under-7,M
715,M,KW,KuwaIT,MiddleSchool,G-07,B,Science,S,Father,12,8,18,26,No,Bad,Above-7,L
27,M,KW,KuwaIT,MiddleSchool,G-08,A,Arabic,F,Father,25,15,12,33,No,Bad,Above-7,L
941,M,Iraq,Iraq,MiddleSchool,G-08,A,Geology,S,Father,71,81,83,72,Yes,Good,Above-7,M
140,M,Tunis,Tunis,MiddleSchool,G-07,A,Quran,F,Father,10,60,5,20,Yes,Bad,Above-7,L
82,M,KW,KuwaIT,lowerlevel,G-02,B,IT,F,Father,7,5,2,80,Yes,Good,Above-7,L
707,M,KW,KuwaIT,MiddleSchool,G-08,A,Spanish,S,Father,5,3,2,10,Yes,Good,Under-7,L
523,F,KW,KuwaIT,HighSchool,G-09,A,IT,F,Father,30,35,28,90,Yes,Good,Under-7,M
494,F,KW,KuwaIT,MiddleSchool,G-08,A,Math,F,Mum,62,70,44,60,No,Bad,Above-7,H
631,M,SaudiArabia,USA,HighSchool,G-11,A,Science,S,Father,23,63,71,89,Yes,Good,Under-7,M
818,F,Palestine,Jordan,lowerlevel,G-02,B,French,F,Father,78,98,10,11,No,Good,Under-7,M
745,F,Jordan,Jordan,MiddleSchool,G-06,A,English,S,Mum,79,84,82,37,No,Bad,Under-7,H
266,M,Jordan,Jordan,MiddleSchool,G-06,A,English,F,Father,19,80,12,17,Yes,Good,Above-7,M
285,M,Jordan,Jordan,MiddleSchool,G-06,A,English,S,Father,41,39,35,39,Yes,Bad,Above-7,M
29,F,KW,KuwaIT,MiddleSchool,G-08,A,Arabic,F,Father,30,90,33,35,No,Bad,Under-7,M
732,F,KW,KuwaIT,lowerlevel,G-04,A,Science,S,Father,69,76,82,94,No,Bad,Under-7,M
290,F,Jordan,Jordan,lowerlevel,G-04,A,Science,F,Father,49,36,32,44,No,Bad,Above-7,L
825,F,Jordan,Jordan,lowerlevel,G-02,B,French,F,Mum,13,82,20,30,No,Good,Under-7,H
801,F,Jordan,Jordan,lowerlevel,G-02,A,French,S,Mum,50,80,20,15,Yes,Good,Above-7,M
577,F,KW,KuwaIT,lowerlevel,G-02,B,IT,F,Father,6,2,38,12,No,Bad,Under-7,M
661,M,Jordan,Jordan,lowerlevel,G-02,B,French,S,Father,50,62,13,33,No,Bad,Above-7,L
196,M,KW,KuwaIT,MiddleSchool,G-08,A,Arabic,S,Mum,92,65,62,53,Yes,Good,Under-7,H
689,M,KW,KuwaIT,MiddleSchool,G-08,C,Spanish,S,Father,70,81,39,84,No,Bad,Under-7,M
129,M,KW,KuwaIT,lowerlevel,G-02,B,IT,F,Father,70,90,2,2,Yes,Good,Under-7,L
800,F,Jordan,Jordan,lowerlevel,G-02,A,French,F,Mum,60,87,23,11,Yes,Good,Above-7,M
727,F,KW,KuwaIT,MiddleSchool,G-06,A,Math,S,Father,87,48,82,96,No,Bad,Above-7,M
428,M,Jordan,SaudiArabia,MiddleSchool,G-08,A,Chemistry,F,Father,10,0,2,41,No,Bad,Above-7,L
517,F,Egypt,Egypt,MiddleSchool,G-07,A,IT,F,Father,45,54,26,90,Yes,Good,Under-7,M
883,M,Jordan,Jordan,MiddleSchool,G-07,A,Biology,S,Father,65,89,64,82,No,Good,Under-7,H
824,F,Jordan,Jordan,lowerlevel,G-02,B,French,F,Mum,14,97,15,14,No,Good,Under-7,H
851,M,Jordan,Jordan,lowerlevel,G-02,A,Arabic,S,Father,35,2,29,23,No,Bad,Under-7,M
225,M,KW,KuwaIT,MiddleSchool,G-08,A,Spanish,S,Mum,72,90,12,30,No,Bad,Under-7,M
421,F,Jordan,Jordan,MiddleSchool,G-08,A,Chemistry,S,Mum,84,92,29,43,Yes,Good,Under-7,H
44,F,KW,KuwaIT,HighSchool,G-09,A,IT,F,Father,33,33,30,90,No,Bad,Under-7,M
570,M,KW,KuwaIT,lowerlevel,G-02,B,IT,F,Father,4,8,10,60,Yes,Good,Above-7,L
312,F,Jordan,Jordan,lowerlevel,G-04,B,Science,F,Mum,55,79,44,43,Yes,Good,Under-7,H
783,F,Jordan,Jordan,lowerlevel,G-04,B,Science,S,Mum,12,44,25,39,No,Bad,Under-7,M
448,M,Jordan,Jordan,MiddleSchool,G-08,A,History,F,Mum,87,92,74,89,Yes,Good,Under-7,H
526,M,KW,KuwaIT,lowerlevel,G-05,A,English,F,Father,7,10,1,30,No,Bad,Above-7,L
579,M,KW,KuwaIT,lowerlevel,G-02,B,IT,F,Father,50,7,9,50,Yes,Bad,Above-7,M
748,M,Jordan,Jordan,MiddleSchool,G-06,A,English,F,Father,10,8,10,10,Yes,Bad,Above-7,M
547,F,USA,USA,HighSchool,G-12,A,English,F,Mum,65,75,23,80,Yes,Good,Under-7,H
287,F,Jordan,Jordan,MiddleSchool,G-06,A,English,S,Mum,81,79,91,85,Yes,Good,Under-7,H
221,M,lebanon,lebanon,MiddleSchool,G-08,C,Spanish,S,Father,80,51,40,24,No,Good,Under-7,M
701,M,lebanon,lebanon,MiddleSchool,G-08,C,Spanish,S,Father,80,51,40,24,No,Good,Under-7,M
301,M,Jordan,Jordan,lowerlevel,G-04,A,Science,S,Father,22,34,15,9,No,Bad,Above-7,L
181,M,Jordan,Jordan,lowerlevel,G-02,B,French,S,Father,50,62,13,33,No,Bad,Above-7,L
60,F,Jordan,Jordan,lowerlevel,G-05,A,English,F,Mum,21,10,28,20,No,Good,Above-7,L
487,M,KW,KuwaIT,MiddleSchool,G-07,A,Math,F,Father,50,10,15,22,Yes,Good,Under-7,M
154,M,SaudiArabia,USA,HighSchool,G-11,B,English,S,Father,70,50,33,41,No,Bad,Above-7,M
400,M,Jordan,Jordan,MiddleSchool,G-07,A,Biology,F,Father,39,71,40,26,No,Good,Above-7,M
386,M,Jordan,Jordan,lowerlevel,G-02,B,Arabic,F,Mum,15,90,21,97,Yes,Good,Under-7,M
945,F,Jordan,Jordan,MiddleSchool,G-08,A,Chemistry,S,Mum,89,96,45,92,Yes,Good,Under-7,H
239,M,Egypt,Egypt,MiddleSchool,G-07,B,Science,S,Mum,92,80,88,76,Yes,Good,Under-7,H
306,M,Jordan,Jordan,lowerlevel,G-04,B,Science,F,Mum,65,59,74,83,Yes,Good,Under-7,H
934,F,Jordan,Jordan,MiddleSchool,G-08,A,History,F,Father,45,87,57,80,Yes,Good,Under-7,M
643,F,Jordan,USA,lowerlevel,G-02,B,French,S,Mum,60,82,93,43,No,Bad,Above-7,M
588,M,SaudiArabia,SaudiArabia,lowerlevel,G-02,B,IT,F,Father,7,12,5,3,No,Bad,Above-7,M
668,M,KW,KuwaIT,MiddleSchool,G-08,A,Arabic,S,Mum,75,71,72,53,Yes,Good,Under-7,H
659,M,lebanon,lebanon,lowerlevel,G-02,B,French,S,Mum,40,51,20,33,No,Bad,Under-7,M
398,M,Palestine,Palestine,MiddleSchool,G-07,A,Biology,F,Father,88,90,86,81,Yes,Good,Under-7,H
777,F,Jordan,Jordan,lowerlevel,G-04,A,Science,S,Mum,72,74,82,89,No,Good,Under-7,H
574,F,KW,KuwaIT,lowerlevel,G-02,B,IT,F,Father,80,44,35,10,No,Good,Above-7,L
493,M,lebanon,lebanon,MiddleSchool,G-08,A,Math,F,Father,20,14,12,19,No,Bad,Above-7,L
658,F,lebanon,lebanon,lowerlevel,G-02,B,French,S,Mum,80,42,33,13,Yes,Bad,Under-7,H
32,F,KW,KuwaIT,lowerlevel,G-07,A,IT,F,Father,2,19,10,50,Yes,Good,Above-7,L
61,M,KW,KuwaIT,HighSchool,G-10,A,IT,F,Father,50,70,32,40,Yes,Good,Under-7,M
852,F,Jordan,Jordan,lowerlevel,G-02,A,Arabic,F,Father,10,20,22,97,No,Bad,Above-7,L
585,F,KW,KuwaIT,lowerlevel,G-02,B,IT,F,Father,0,0,5,80,Yes,Good,Above-7,L
634,M,SaudiArabia,USA,HighSchool,G-11,B,English,S,Father,70,50,33,41,No,Bad,Above-7,M
608,M,KW,KuwaIT,lowerlevel,G-02,C,IT,F,Father,12,10,20,16,No,Bad,Under-7,L
633,M,SaudiArabia,USA,HighSchool,G-11,B,Spanish,S,Father,10,51,40,40,No,Bad,Above-7,L
101,F,KW,KuwaIT,lowerlevel,G-02,B,IT,F,Mum,70,92,50,7,Yes,Good,Under-7,H
809,F,Jordan,Palestine,lowerlevel,G-02,A,French,S,Mum,75,85,73,80,Yes,Good,Under-7,M
470,M,Palestine,Jordan,MiddleSchool,G-08,A,History,F,Father,81,86,86,41,Yes,Good,Under-7,M
173,M,Syria,Syria,lowerlevel,G-02,B,French,S,Mum,20,52,23,33,Yes,Good,Above-7,L
590,F,Jordan,Jordan,lowerlevel,G-02,B,IT,F,Mum,70,88,55,40,Yes,Good,Under-7,H
389,M,Jordan,SaudiArabia,lowerlevel,G-02,B,Arabic,S,Mum,5,0,1,8,No,Good,Above-7,L
872,F,Iraq,Iraq,MiddleSchool,G-07,A,Biology,F,Mum,86,98,50,20,Yes,Good,Under-7,H
76,M,Iran,Iran,HighSchool,G-09,A,IT,F,Mum,15,70,37,44,Yes,Good,Under-7,M
91,M,KW,KuwaIT,lowerlevel,G-02,B,IT,F,Father,80,90,55,19,Yes,Good,Under-7,H
100,M,KW,KuwaIT,lowerlevel,G-02,B,IT,F,Father,50,90,40,90,Yes,Bad,Under-7,M
331,M,Jordan,Jordan,lowerlevel,G-02,A,French,S,Father,35,2,29,33,No,Good,Above-7,L
930,F,Jordan,Jordan,MiddleSchool,G-08,A,Chemistry,F,Father,15,97,22,10,Yes,Good,Under-7,H
232,M,Syria,Syria,MiddleSchool,G-07,A,Quran,F,Father,19,72,15,50,Yes,Good,Above-7,M
640,F,Jordan,Jordan,MiddleSchool,G-07,B,Science,S,Mum,82,89,58,50,Yes,Good,Under-7,H
465,F,Jordan,Jordan,MiddleSchool,G-08,A,Chemistry,S,Mum,89,96,45,92,Yes,Good,Under-7,H
786,M,Jordan,Jordan,lowerlevel,G-04,B,Science,F,Mum,65,59,74,83,Yes,Good,Under-7,H
639,F,KW,KuwaIT,MiddleSchool,G-07,B,Science,S,Father,62,68,48,80,Yes,Good,Under-7,M
836,M,Jordan,Jordan,lowerlevel,G-02,B,French,F,Father,32,88,32,25,Yes,Good,Under-7,M
381,F,Jordan,Jordan,lowerlevel,G-02,B,Arabic,S,Father,10,12,29,93,No,Bad,Above-7,L
264,F,Jordan,Jordan,MiddleSchool,G-06,A,English,F,Mum,70,64,42,32,No,Bad,Under-7,M
124,M,KW,KuwaIT,lowerlevel,G-02,C,IT,F,Father,0,6,4,15,Yes,Bad,Under-7,L
769,M,Palestine,Jordan,MiddleSchool,G-06,A,English,S,Mum,75,71,76,80,Yes,Good,Under-7,M
693,M,Tunis,Tunis,MiddleSchool,G-08,C,Spanish,S,Father,7,61,22,14,No,Bad,Above-7,L
452,F,Jordan,Jordan,MiddleSchool,G-08,A,Geology,F,Father,25,82,52,20,Yes,Good,Above-7,M
270,F,Jordan,Jordan,MiddleSchool,G-06,A,English,F,Mum,90,84,52,30,No,Good,Under-7,H
108,M,SaudiArabia,SaudiArabia,lowerlevel,G-02,B,IT,F,Father,7,12,5,3,No,Bad,Above-7,M
586,F,KW,KuwaIT,lowerlevel,G-02,B,IT,F,Father,12,26,7,40,Yes,Good,Under-7,M
79,F,lebanon,lebanon,MiddleSchool,G-07,B,Math,F,Mum,80,90,49,55,Yes,Bad,Under-7,H
606,F,Iran,Iran,lowerlevel,G-02,C,IT,F,Father,2,9,7,55,Yes,Good,Under-7,M
534,M,KW,KuwaIT,HighSchool,G-12,A,English,F,Mum,12,50,8,30,No,Bad,Above-7,L
434,M,Jordan,Jordan,MiddleSchool,G-08,A,Chemistry,F,Mum,85,87,72,10,Yes,Good,Above-7,M
744,F,Jordan,Jordan,MiddleSchool,G-06,A,English,F,Mum,70,64,42,32,No,Bad,Under-7,M
821,F,Iraq,Iraq,lowerlevel,G-02,B,French,S,Father,17,80,13,10,No,Good,Under-7,M
644,M,Jordan,Jordan,lowerlevel,G-02,B,French,S,Mum,55,72,83,14,Yes,Good,Above-7,M
216,M,Iran,Iran,MiddleSchool,G-08,C,Spanish,S,Mum,27,41,32,61,Yes,Bad,Above-7,M
226,M,KW,KuwaIT,MiddleSchool,G-08,B,Spanish,S,Father,2,11,62,30,No,Bad,Under-7,L
662,M,KW,KuwaIT,MiddleSchool,G-08,A,Arabic,S,Mum,85,75,62,53,Yes,Bad,Under-7,H
419,M,Palestine,Jordan,MiddleSchool,G-07,B,Biology,S,Father,99,96,89,84,Yes,Good,Under-7,H
46,M,KW,KuwaIT,lowerlevel,G-05,A,English,F,Father,7,10,1,30,No,Bad,Above-7,L
557,M,KW,KuwaIT,HighSchool,G-09,A,IT,F,Father,20,80,33,33,Yes,Good,Under-7,M
837,M,Jordan,Jordan,lowerlevel,G-02,B,French,S,Father,25,87,21,27,Yes,Good,Under-7,M
385,F,Iraq,Iraq,lowerlevel,G-02,B,Arabic,S,Mum,79,93,49,23,Yes,Good,Under-7,H
718,F,KW,KuwaIT,MiddleSchool,G-07,B,Science,S,Mum,72,80,58,66,Yes,Good,Above-7,M
49,F,KW,KuwaIT,HighSchool,G-12,A,English,F,Father,29,39,50,77,Yes,Good,Under-7,M
383,M,Iraq,Iraq,lowerlevel,G-02,B,Arabic,S,Mum,70,83,29,33,Yes,Good,Under-7,H
788,M,Palestine,Jordan,lowerlevel,G-04,B,Science,F,Mum,95,57,74,89,Yes,Good,Above-7,M
607,M,KW,KuwaIT,lowerlevel,G-02,B,IT,F,Father,55,33,6,9,No,Bad,Above-7,L
848,F,Palestine,Jordan,lowerlevel,G-02,A,Arabic,F,Mum,98,88,60,31,No,Good,Under-7,H
461,M,Iraq,Iraq,MiddleSchool,G-08,A,Geology,S,Father,71,81,83,72,Yes,Good,Above-7,M
175,M,Iran,Iran,lowerlevel,G-02,B,French,S,Father,10,2,13,53,No,Bad,Above-7,L
302,F,Jordan,Jordan,lowerlevel,G-04,B,Science,F,Mum,11,20,21,23,No,Bad,Under-7,M
62,M,venzuela,venzuela,HighSchool,G-10,A,IT,F,Mum,80,90,70,80,Yes,Good,Under-7,H
750,F,Jordan,Jordan,MiddleSchool,G-06,A,English,F,Mum,90,84,52,30,No,Good,Under-7,H
356,M,Jordan,Jordan,lowerlevel,G-02,B,French,F,Father,32,88,32,25,Yes,Good,Under-7,M
951,M,Palestine,Jordan,MiddleSchool,G-08,A,History,S,Father,78,82,78,53,Yes,Good,Under-7,M
548,F,USA,USA,HighSchool,G-12,A,IT,F,Mum,70,69,35,30,Yes,Good,Under-7,H
538,M,KW,KuwaIT,MiddleSchool,G-07,A,Math,F,Father,28,60,19,50,Yes,Good,Under-7,M
50,F,KW,KuwaIT,HighSchool,G-12,A,English,F,Father,20,14,12,70,No,Bad,Above-7,L
382,M,Iraq,Iraq,lowerlevel,G-02,B,Arabic,F,Mum,69,82,20,28,Yes,Good,Under-7,H
2,M,KW,KuwaIT,lowerlevel,G-04,A,IT,F,Father,10,7,0,30,No,Bad,Above-7,L
56,M,USA,USA,MiddleSchool,G-08,B,Math,F,Father,19,5,4,1,Yes,Good,Above-7,L
292,F,Palestine,Palestine,lowerlevel,G-04,A,Science,F,Mum,90,86,82,74,Yes,Good,Under-7,H
379,M,Jordan,Jordan,lowerlevel,G-02,B,Arabic,S,Father,12,22,59,83,Yes,Bad,Above-7,L
822,M,Jordan,Jordan,lowerlevel,G-02,B,French,F,Mum,40,87,50,41,No,Bad,Under-7,M
616,F,KW,USA,HighSchool,G-11,A,Quran,S,Mum,70,80,95,70,Yes,Good,Under-7,H
871,F,Jordan,Jordan,MiddleSchool,G-07,A,Biology,S,Mum,90,88,54,12,Yes,Good,Above-7,M
789,M,Palestine,Jordan,lowerlevel,G-04,B,Science,S,Mum,82,84,79,79,Yes,Good,Above-7,M
20,F,KW,KuwaIT,MiddleSchool,G-07,A,IT,F,Father,60,60,33,90,No,Bad,Above-7,M
622,M,Tunis,Tunis,MiddleSchool,G-07,A,Quran,S,Father,10,75,55,11,Yes,Good,Under-7,M
480,M,KW,KuwaIT,lowerlevel,G-04,A,IT,F,Father,15,16,2,20,Yes,Good,Under-7,M
654,F,Jordan,Jordan,lowerlevel,G-02,B,French,S,Father,50,62,73,43,Yes,Bad,Above-7,M
451,F,Jordan,Jordan,MiddleSchool,G-08,A,Chemistry,S,Father,19,98,20,2,Yes,Good,Under-7,H
110,F,Jordan,Jordan,lowerlevel,G-02,B,IT,F,Mum,70,88,55,40,Yes,Good,Under-7,H
462,M,Iraq,Iraq,MiddleSchool,G-08,A,History,F,Father,72,87,72,89,Yes,Good,Above-7,M
597,F,KW,KuwaIT,lowerlevel,G-02,C,IT,F,Mum,25,29,40,17,No,Good,Under-7,H
747,M,Jordan,Jordan,MiddleSchool,G-06,A,English,S,Father,11,70,32,29,Yes,Good,Above-7,M
177,F,USA,USA,lowerlevel,G-02,B,French,S,Mum,15,52,83,11,Yes,Bad,Under-7,M
19,M,KW,KuwaIT,MiddleSchool,G-07,B,IT,F,Mum,70,50,40,99,Yes,Good,Under-7,H
13,M,lebanon,lebanon,MiddleSchool,G-08,A,Math,F,Father,20,14,12,19,No,Bad,Above-7,L
69,M,Jordan,Jordan,MiddleSchool,G-07,A,IT,F,Father,39,40,11,33,No,Bad,Under-7,M
627,F,lebanon,lebanon,MiddleSchool,G-07,A,Quran,S,Father,10,79,30,30,No,Bad,Under-7,M
205,F,SaudiArabia,SaudiArabia,MiddleSchool,G-08,B,Arabic,S,Mum,72,51,42,24,Yes,Bad,Above-7,H
449,M,Jordan,Jordan,MiddleSchool,G-08,A,History,S,Mum,81,84,77,85,Yes,Good,Under-7,H
925,M,Jordan,Jordan,MiddleSchool,G-08,A,Chemistry,S,Mum,72,76,66,40,Yes,Good,Above-7,L
420,F,Jordan,Jordan,MiddleSchool,G-08,A,Chemistry,F,Mum,82,89,22,31,Yes,Good,Under-7,H
457,F,Jordan,Jordan,MiddleSchool,G-08,A,Chemistry,S,Father,79,91,49,22,Yes,Good,Under-7,H
849,F,Palestine,Jordan,lowerlevel,G-02,A,Arabic,S,Mum,75,81,51,34,No,Good,Under-7,H
200,M,KW,KuwaIT,MiddleSchool,G-08,B,Arabic,S,Mum,15,90,52,83,Yes,Bad,Under-7,H
603,F,lebanon,lebanon,lowerlevel,G-02,B,IT,F,Father,70,98,7,5,Yes,Good,Under-7,M
917,M,Jordan,Jordan,MiddleSchool,G-08,A,Geology,S,Mum,70,83,70,23,Yes,Good,Under-7,M
235,M,KW,KuwaIT,MiddleSchool,G-07,B,Science,S,Father,12,8,18,26,No,Bad,Above-7,L
464,F,Jordan,Jordan,MiddleSchool,G-08,A,Chemistry,F,Mum,85,99,42,90,Yes,Good,Under-7,H
466,F,Jordan,Jordan,MiddleSchool,G-08,A,Geology,F,Mum,80,82,64,58,Yes,Good,Under-7,H
184,M,lebanon,lebanon,MiddleSchool,G-08,A,Arabic,S,Mum,10,35,30,13,No,Bad,Above-7,L
234,M,KW,KuwaIT,MiddleSchool,G-07,B,Science,S,Mum,32,60,58,66,Yes,Good,Above-7,M
506,M,KW,KuwaIT,MiddleSchool,G-07,B,IT,F,Father,19,19,25,40,Yes,Bad,Under-7,M
125,M,KW,KuwaIT,lowerlevel,G-02,B,IT,F,Father,12,30,0,17,No,Good,Above-7,L
201,F,lebanon,lebanon,MiddleSchool,G-08,A,Arabic,S,Mum,45,58,52,43,Yes,Good,Under-7,H
475,F,Jordan,Jordan,MiddleSchool,G-08,A,Chemistry,S,Father,5,4,5,8,No,Bad,Above-7,L
792,F,Jordan,Jordan,lowerlevel,G-04,B,Science,F,Mum,55,79,44,43,Yes,Good,Under-7,H
144,M,KW,KuwaIT,MiddleSchool,G-07,A,Quran,S,Father,10,10,15,19,No,Bad,Above-7,L
426,M,Jordan,Jordan,MiddleSchool,G-08,A,Chemistry,F,Mum,80,80,62,11,Yes,Good,Above-7,M
238,F,KW,KuwaIT,MiddleSchool,G-07,B,Science,S,Mum,72,80,58,66,Yes,Good,Above-7,M
11,M,KW,KuwaIT,MiddleSchool,G-07,B,Math,F,Father,19,6,19,12,Yes,Good,Under-7,M
946,F,Jordan,Jordan,MiddleSchool,G-08,A,Geology,F,Mum,80,82,64,58,Yes,Good,Under-7,H
599,M,KW,KuwaIT,lowerlevel,G-02,C,IT,F,Father,60,60,3,60,No,Bad,Under-7,M
151,M,SaudiArabia,USA,HighSchool,G-11,A,Science,S,Father,23,63,71,89,Yes,Good,Under-7,M
911,M,Jordan,SaudiArabia,MiddleSchool,G-08,A,Geology,S,Father,80,89,23,68,No,Bad,Under-7,H
806,M,Jordan,Jordan,lowerlevel,G-02,A,French,F,Father,10,15,10,21,No,Bad,Above-7,L
673,M,Morocco,Morocco,MiddleSchool,G-08,A,Arabic,S,Mum,81,75,62,53,No,Bad,Under-7,M
89,M,KW,KuwaIT,lowerlevel,G-02,B,IT,F,Father,5,20,1,50,Yes,Good,Above-7,L
650,M,KW,KuwaIT,lowerlevel,G-02,B,French,S,Father,40,62,83,33,Yes,Good,Under-7,H
839,F,lebanon,lebanon,lowerlevel,G-02,B,French,S,Mum,75,90,51,17,Yes,Good,Under-7,H
66,F,KW,KuwaIT,HighSchool,G-12,A,English,F,Father,25,10,19,30,No,Bad,Above-7,M
94,F,KW,KuwaIT,lowerlevel,G-02,B,IT,F,Father,80,44,35,10,No,Good,Above-7,L
291,F,Jordan,Jordan,lowerlevel,G-04,A,Science,S,Father,42,24,12,24,No,Bad,Above-7,L
730,M,KW,KuwaIT,lowerlevel,G-04,A,Math,S,Father,15,6,32,40,Yes,Good,Under-7,H
337,F,Palestine,Jordan,lowerlevel,G-02,A,French,S,Mum,75,80,15,20,No,Good,Under-7,M
714,M,KW,KuwaIT,MiddleSchool,G-07,B,Science,S,Mum,32,60,58,66,Yes,Good,Above-7,M
411,F,Jordan,Jordan,MiddleSchool,G-07,B,Biology,S,Mum,59,90,19,43,No,Good,Under-7,H
799,F,Jordan,Jordan,lowerlevel,G-02,A,French,S,Mum,50,95,23,10,Yes,Good,Under-7,H
936,F,Jordan,Jordan,MiddleSchool,G-08,A,Chemistry,F,Father,85,90,52,30,Yes,Good,Under-7,H
334,M,Lybia,Lybia,lowerlevel,G-02,A,French,F,Mum,10,8,9,3,No,Good,Above-7,L
831,M,Egypt,Egypt,lowerlevel,G-02,B,French,S,Mum,7,9,11,10,No,Good,Above-7,L
215,M,KW,KuwaIT,MiddleSchool,G-08,C,Spanish,S,Father,5,21,42,14,No,Good,Above-7,L
699,M,KW,KuwaIT,MiddleSchool,G-08,C,Spanish,S,Mum,57,51,46,34,Yes,Good,Under-7,M
146,F,lebanon,lebanon,MiddleSchool,G-07,A,Quran,S,Mum,100,75,50,70,Yes,Good,Under-7,H
635,M,SaudiArabia,USA,HighSchool,G-11,B,Math,S,Father,70,58,73,91,Yes,Bad,Under-7,H
254,M,KW,KuwaIT,lowerlevel,G-04,A,English,S,Father,59,97,42,70,Yes,Good,Under-7,H
749,M,Jordan,Jordan,MiddleSchool,G-06,A,English,S,Father,18,28,40,20,Yes,Bad,Above-7,M
203,F,KW,KuwaIT,MiddleSchool,G-08,B,Arabic,S,Father,22,51,42,40,Yes,Bad,Under-7,M
605,M,KW,KuwaIT,lowerlevel,G-02,B,IT,F,Father,12,30,0,17,No,Good,Above-7,L
455,F,Jordan,Jordan,MiddleSchool,G-08,A,History,S,Father,39,88,43,72,Yes,Good,Under-7,M
957,F,Jordan,Jordan,MiddleSchool,G-08,A,Geology,S,Father,55,74,25,29,No,Bad,Under-7,M
212,M,Tunis,Tunis,MiddleSchool,G-08,C,Spanish,S,Mum,87,81,42,19,Yes,Good,Under-7,H
490,M,KW,KuwaIT,MiddleSchool,G-07,A,Math,F,Father,50,88,30,80,Yes,Good,Under-7,H
511,M,KW,KuwaIT,MiddleSchool,G-07,A,IT,F,Father,4,5,40,16,Yes,Good,Above-7,L
202,M,KW,KuwaIT,MiddleSchool,G-08,B,Arabic,S,Father,25,5,12,33,Yes,Good,Under-7,M
166,M,KW,KuwaIT,lowerlevel,G-02,B,French,S,Mum,51,82,53,43,No,Bad,Under-7,M
637,M,Tunis,Tunis,HighSchool,G-11,B,Science,S,Father,70,50,33,40,No,Good,Under-7,M
309,M,Palestine,Jordan,lowerlevel,G-04,B,Science,S,Mum,82,84,79,79,Yes,Good,Above-7,M
390,F,Jordan,Jordan,MiddleSchool,G-07,A,Biology,F,Mum,88,81,50,10,Yes,Good,Above-7,M
263,M,Egypt,Egypt,lowerlevel,G-04,A,Math,S,Mum,49,94,42,7,No,Bad,Above-7,M
355,M,Jordan,Jordan,lowerlevel,G-02,B,French,S,Mum,35,97,41,23,Yes,Good,Under-7,H
472,M,Palestine,Palestine,MiddleSchool,G-08,A,Geology,F,Father,80,87,74,68,Yes,Good,Under-7,M
376,M,Jordan,Jordan,lowerlevel,G-02,B,Arabic,F,Mum,20,90,50,61,Yes,Bad,Above-7,M
868,M,Jordan,SaudiArabia,lowerlevel,G-02,B,Arabic,F,Mum,4,10,11,7,No,Good,Above-7,L
107,M,KW,KuwaIT,lowerlevel,G-02,B,IT,F,Father,70,90,41,33,Yes,Bad,Under-7,H
671,M,KW,KuwaIT,MiddleSchool,G-08,A,Arabic,S,Father,15,25,37,13,Yes,Good,Above-7,L
591,M,KW,KuwaIT,lowerlevel,G-02,C,IT,F,Father,77,80,51,80,No,Good,Under-7,M
558,M,KW,KuwaIT,HighSchool,G-11,A,Quran,F,Father,13,3,11,9,No,Bad,Above-7,L
610,F,KW,KuwaIT,lowerlevel,G-02,C,IT,F,Father,7,9,5,30,No,Bad,Above-7,L
500,F,KW,KuwaIT,MiddleSchool,G-07,A,IT,F,Father,60,60,33,90,No,Bad,Above-7,M
444,M,Jordan,Jordan,MiddleSchool,G-08,A,Chemistry,F,Mum,75,72,64,39,Yes,Good,Above-7,L
459,M,Iraq,Iraq,MiddleSchool,G-08,A,Chemistry,S,Father,80,90,80,83,Yes,Good,Under-7,H
535,M,KW,KuwaIT,MiddleSchool,G-07,A,Math,F,Father,16,14,6,20,Yes,Good,Above-7,L
341,F,Iraq,Iraq,lowerlevel,G-02,B,French,S,Father,17,80,13,10,No,Good,Under-7,M
0,M,KW,KuwaIT,lowerlevel,G-04,A,IT,F,Father,15,16,2,20,Yes,Good,Under-7,M
121,M,KW,KuwaIT,lowerlevel,G-02,C,IT,F,Mum,0,4,8,30,No,Bad,Above-7,L
842,M,Palestine,Jordan,lowerlevel,G-02,A,Arabic,F,Father,90,98,41,38,Yes,Good,Under-7,H
346,F,Jordan,Jordan,lowerlevel,G-02,B,French,S,Mum,24,97,15,14,No,Good,Under-7,H
681,F,lebanon,lebanon,MiddleSchool,G-08,A,Arabic,S,Mum,45,58,52,43,Yes,Good,Under-7,H
601,M,KW,KuwaIT,lowerlevel,G-02,C,IT,F,Mum,0,4,8,30,No,Bad,Above-7,L
682,M,KW,KuwaIT,MiddleSchool,G-08,B,Arabic,S,Father,25,5,12,33,Yes,Good,Under-7,M
250,M,KW,KuwaIT,lowerlevel,G-04,A,Math,S,Father,15,6,32,40,Yes,Good,Under-7,H
740,M,KW,KuwaIT,lowerlevel,G-04,A,History,S,Father,10,17,12,14,No,Bad,Above-7,L
157,M,Tunis,Tunis,HighSchool,G-11,B,Science,S,Father,70,50,33,40,No,Good,Under-7,M
876,M,Jordan,Jordan,MiddleSchool,G-07,A,Biology,F,Father,80,80,46,61,Yes,Bad,Under-7,M
6,M,KW,KuwaIT,MiddleSchool,G-07,A,Math,F,Father,35,12,0,17,No,Bad,Above-7,L
438,M,Jordan,Jordan,MiddleSchool,G-08,A,Chemistry,F,Mum,80,82,76,19,Yes,Good,Under-7,M
59,F,USA,USA,MiddleSchool,G-07,A,Math,F,Father,27,22,22,40,No,Good,Under-7,M
162,F,Jordan,Jordan,lowerlevel,G-02,B,French,S,Mum,70,82,3,73,No,Bad,Under-7,H
803,M,Jordan,Jordan,lowerlevel,G-02,A,French,S,Father,30,10,20,5,No,Bad,Above-7,L
422,F,Jordan,Jordan,MiddleSchool,G-08,A,Geology,F,Mum,70,69,46,45,Yes,Good,Above-7,M
324,M,Syria,Syria,lowerlevel,G-02,A,French,F,Father,24,35,18,31,No,Bad,Under-7,M
262,F,KW,KuwaIT,lowerlevel,G-04,A,History,S,Mum,21,27,52,34,Yes,Good,Above-7,M
759,M,Palestine,Jordan,MiddleSchool,G-06,A,English,S,Mum,72,41,46,27,No,Good,Under-7,M
8,F,KW,KuwaIT,MiddleSchool,G-07,A,Math,F,Father,12,21,16,50,Yes,Good,Under-7,M
33,M,KW,KuwaIT,lowerlevel,G-05,A,English,F,Father,8,22,9,40,No,Bad,Above-7,L
12,M,KW,KuwaIT,lowerlevel,G-04,A,IT,F,Father,5,1,0,11,No,Bad,Above-7,L
528,F,KW,KuwaIT,HighSchool,G-12,A,English,F,Mum,13,80,40,88,Yes,Good,Under-7,H
921,M,Jordan,Jordan,MiddleSchool,G-08,A,Geology,S,Mum,90,86,85,10,Yes,Good,Under-7,M
274,F,lebanon,lebanon,MiddleSchool,G-06,A,English,F,Mum,95,82,82,70,Yes,Good,Under-7,H
612,M,KW,KuwaIT,lowerlevel,G-02,C,IT,S,Father,0,3,10,3,No,Bad,Above-7,L
326,M,Jordan,Jordan,lowerlevel,G-02,A,French,F,Father,10,15,10,21,No,Bad,Above-7,L
844,M,Iraq,Iraq,lowerlevel,G-02,A,Arabic,F,Father,80,95,21,28,Yes,Good,Under-7,H
656,M,Tunis,Tunis,lowerlevel,G-02,B,French,S,Mum,60,52,23,33,Yes,Bad,Under-7,H
55,M,KW,KuwaIT,MiddleSchool,G-07,A,Math,F,Father,16,14,6,20,Yes,Good,Above-7,L
869,M,Jordan,SaudiArabia,lowerlevel,G-02,B,Arabic,S,Mum,5,0,1,8,No,Good,Above-7,L
335,M,Lybia,Lybia,lowerlevel,G-02,A,French,S,Mum,15,7,12,7,No,Good,Above-7,L
374,M,Jordan,Jordan,lowerlevel,G-02,B,Arabic,F,Father,10,10,40,51,No,Bad,Above-7,L
267,M,Jordan,Jordan,MiddleSchool,G-06,A,English,S,Father,11,70,32,29,Yes,Good,Above-7,M
133,M,KW,KuwaIT,lowerlevel,G-02,A,IT,S,Father,12,60,0,70,Yes,Good,Above-7,L
609,M,KW,KuwaIT,lowerlevel,G-02,B,IT,F,Father,70,90,2,2,Yes,Good,Under-7,L
630,M,SaudiArabia,SaudiArabia,HighSchool,G-11,A,Quran,S,Father,80,80,51,59,Yes,Good,Under-7,H
476,F,Jordan,Jordan,MiddleSchool,G-08,A,Geology,F,Father,50,77,14,28,No,Bad,Under-7,M
950,M,Palestine,Jordan,MiddleSchool,G-08,A,History,F,Father,81,86,86,41,Yes,Good,Under-7,M
527,F,KW,KuwaIT,HighSchool,G-12,A,English,F,Mum,70,4,39,90,Yes,Good,Under-7,H
702,M,KW,KuwaIT,MiddleSchool,G-08,B,Spanish,S,Father,62,61,82,40,Yes,Bad,Under-7,M
949,F,Jordan,Jordan,MiddleSchool,G-08,A,Chemistry,S,Father,9,6,15,85,No,Bad,Above-7,L
503,M,KW,KuwaIT,MiddleSchool,G-07,A,IT,F,Father,2,0,2,50,No,Bad,Above-7,L
378,M,Jordan,Jordan,lowerlevel,G-02,B,Arabic,F,Father,10,30,50,91,Yes,Bad,Above-7,L
179,M,lebanon,lebanon,lowerlevel,G-02,B,French,S,Mum,40,51,20,33,No,Bad,Under-7,M
440,M,Jordan,Jordan,MiddleSchool,G-08,A,Geology,F,Mum,89,87,86,15,Yes,Good,Under-7,M
556,M,Iran,Iran,HighSchool,G-09,A,IT,F,Mum,15,70,37,44,Yes,Good,Under-7,M
515,M,KW,KuwaIT,MiddleSchool,G-07,A,English,F,Father,10,12,17,30,No,Bad,Above-7,L
259,M,KW,KuwaIT,lowerlevel,G-04,A,English,S,Mum,69,34,12,17,No,Bad,Above-7,L
733,M,KW,KuwaIT,lowerlevel,G-04,A,Arabic,S,Father,39,26,12,44,No,Bad,Above-7,L
508,M,KW,KuwaIT,MiddleSchool,G-08,A,Science,F,Father,75,85,52,43,Yes,Good,Under-7,M
696,M,Iran,Iran,MiddleSchool,G-08,C,Spanish,S,Mum,27,41,32,61,Yes,Bad,Above-7,M
243,M,Egypt,KuwaIT,MiddleSchool,G-07,B,Science,S,Father,12,20,38,46,No,Bad,Above-7,M
183,F,lebanon,lebanon,MiddleSchool,G-08,A,Arabic,S,Father,25,15,32,53,No,Bad,Under-7,M
896,M,Iraq,Iraq,MiddleSchool,G-07,B,Biology,F,Father,98,90,86,71,Yes,Good,Under-7,H
298,M,Jordan,Jordan,lowerlevel,G-04,A,Science,F,Father,18,17,26,34,No,Good,Above-7,M
626,F,lebanon,lebanon,MiddleSchool,G-07,A,Quran,S,Mum,100,75,50,70,Yes,Good,Under-7,H
330,M,Jordan,Jordan,lowerlevel,G-02,A,French,F,Father,40,7,50,41,No,Good,Above-7,L
115,M,KW,KuwaIT,lowerlevel,G-02,B,IT,F,Father,0,8,11,70,Yes,Good,Above-7,L
361,M,Jordan,Jordan,lowerlevel,G-02,A,Arabic,S,Father,10,98,41,38,Yes,Good,Above-7,M
214,M,KW,KuwaIT,MiddleSchool,G-08,C,Spanish,S,Father,17,50,2,4,No,Bad,Above-7,L
126,F,Iran,Iran,lowerlevel,G-02,C,IT,F,Father,2,9,7,55,Yes,Good,Under-7,M
919,M,Jordan,Jordan,MiddleSchool,G-08,A,Chemistry,S,Mum,70,82,75,29,Yes,Good,Under-7,M
628,F,Jordan,Jordan,MiddleSchool,G-07,A,Quran,S,Father,60,55,30,40,No,Bad,Under-7,M
838,F,lebanon,lebanon,lowerlevel,G-02,B,French,F,Mum,72,98,52,15,Yes,Good,Under-7,H
529,F,KW,KuwaIT,HighSchool,G-12,A,English,F,Father,29,39,50,77,Yes,Good,Under-7,M
545,M,KW,KuwaIT,HighSchool,G-12,A,English,F,Father,13,5,18,19,No,Bad,Above-7,L
256,F,KW,KuwaIT,lowerlevel,G-04,A,History,S,Mum,80,87,72,60,No,Good,Under-7,H
554,M,KW,KuwaIT,MiddleSchool,G-07,B,IT,F,Father,12,0,6,13,No,Bad,Under-7,L
956,F,Jordan,Jordan,MiddleSchool,G-08,A,Geology,F,Father,50,77,14,28,No,Bad,Under-7,M
118,F,KW,KuwaIT,lowerlevel,G-02,C,IT,F,Mum,24,35,23,22,Yes,Good,Above-7,M
540,F,Jordan,Jordan,lowerlevel,G-05,A,English,F,Mum,21,10,28,20,No,Good,Above-7,L
711,M,Syria,Jordan,MiddleSchool,G-08,A,Spanish,S,Father,9,7,21,20,Yes,Good,Above-7,L
142,M,Tunis,Tunis,MiddleSchool,G-07,A,Quran,S,Father,10,75,55,11,Yes,Good,Under-7,M
456,F,Jordan,Jordan,MiddleSchool,G-08,A,Chemistry,F,Father,85,90,52,30,Yes,Good,Under-7,H
64,M,KW,KuwaIT,HighSchool,G-10,A,IT,F,Father,0,5,7,2,No,Bad,Above-7,L
755,F,lebanon,lebanon,MiddleSchool,G-06,A,English,S,Mum,90,62,80,60,Yes,Good,Under-7,H
521,M,KW,KuwaIT,MiddleSchool,G-07,A,IT,F,Father,19,20,16,50,No,Good,Under-7,M
322,M,Jordan,Jordan,lowerlevel,G-02,A,French,F,Father,10,15,10,21,No,Bad,Above-7,L
314,F,Jordan,lebanon,lowerlevel,G-04,B,Science,F,Mum,78,88,74,83,Yes,Good,Under-7,H
47,F,KW,KuwaIT,HighSchool,G-12,A,English,F,Mum,70,4,39,90,Yes,Good,Under-7,H
218,M,KW,KuwaIT,MiddleSchool,G-08,C,Spanish,S,Mum,96,61,42,94,Yes,Bad,Under-7,H
367,M,Jordan,Jordan,lowerlevel,G-02,A,Arabic,S,Father,10,58,51,48,Yes,Good,Above-7,M
86,M,SaudiArabia,SaudiArabia,lowerlevel,G-02,B,IT,F,Father,70,12,40,50,Yes,Good,Under-7,H
496,M,KW,KuwaIT,MiddleSchool,G-07,B,IT,F,Father,36,30,20,80,No,Bad,Above-7,M
901,F,Jordan,Jordan,MiddleSchool,G-08,A,Chemistry,S,Mum,84,92,29,43,Yes,Good,Under-7,H
882,M,Jordan,Jordan,MiddleSchool,G-07,A,Biology,F,Father,76,81,80,86,No,Good,Under-7,H
207,M,KW,KuwaIT,MiddleSchool,G-08,C,Spanish,S,Father,17,21,42,14,Yes,Good,Under-7,M
354,M,Jordan,Jordan,lowerlevel,G-02,B,French,F,Mum,30,98,42,21,Yes,Good,Under-7,H
859,M,Jordan,Jordan,lowerlevel,G-02,B,Arabic,S,Father,12,22,59,83,Yes,Bad,Above-7,L
670,M,KW,KuwaIT,MiddleSchool,G-08,A,Arabic,S,Father,23,25,32,53,No,Bad,Under-7,L
913,M,Jordan,SaudiArabia,MiddleSchool,G-08,A,Geology,S,Father,87,79,73,98,No,Bad,Under-7,M
953,M,Palestine,Palestine,MiddleSchool,G-08,A,Geology,S,Father,85,88,79,70,Yes,Good,Under-7,M
197,M,KW,KuwaIT,MiddleSchool,G-08,A,Arabic,S,Mum,83,75,62,53,No,Bad,Under-7,H
811,M,Jordan,Jordan,lowerlevel,G-02,A,French,S,Father,35,2,29,33,No,Good,Above-7,L
85,M,KW,KuwaIT,lowerlevel,G-02,B,IT,F,Father,1,0,1,12,No,Bad,Above-7,L
680,M,KW,KuwaIT,MiddleSchool,G-08,B,Arabic,S,Mum,15,90,52,83,Yes,Bad,Under-7,H
208,M,Tunis,Tunis,MiddleSchool,G-08,C,Spanish,S,Mum,27,41,49,14,No,Bad,Under-7,M
778,M,Jordan,Jordan,lowerlevel,G-04,A,Science,F,Father,18,17,26,34,No,Good,Above-7,M
278,M,Palestine,Jordan,MiddleSchool,G-06,A,English,F,Mum,82,31,52,25,No,Good,Under-7,M
497,M,KW,KuwaIT,MiddleSchool,G-07,A,Math,F,Father,55,13,35,90,No,Bad,Above-7,M
304,F,Jordan,Jordan,lowerlevel,G-04,B,Science,F,Father,15,50,24,43,Yes,Bad,Under-7,M
724,M,KW,KuwaIT,MiddleSchool,G-07,B,IT,S,Mum,70,92,83,85,Yes,Bad,Under-7,H
392,F,Iraq,Iraq,MiddleSchool,G-07,A,Biology,F,Mum,86,98,50,20,Yes,Good,Under-7,H
927,M,Jordan,Jordan,MiddleSchool,G-08,A,Geology,S,Mum,71,84,67,80,Yes,Good,Under-7,M
944,F,Jordan,Jordan,MiddleSchool,G-08,A,Chemistry,F,Mum,85,99,42,90,Yes,Good,Under-7,H
317,M,Jordan,Jordan,lowerlevel,G-02,A,French,S,Mum,50,90,83,13,Yes,Good,Under-7,H
787,M,Jordan,Jordan,lowerlevel,G-04,B,Science,S,Mum,72,64,59,89,Yes,Good,Under-7,H
902,F,Jordan,Jordan,MiddleSchool,G-08,A,Geology,F,Mum,70,69,46,45,Yes,Good,Above-7,M
566,M,SaudiArabia,SaudiArabia,lowerlevel,G-02,B,IT,F,Father,70,12,40,50,Yes,Good,Under-7,H
286,F,Jordan,Jordan,MiddleSchool,G-06,A,English,F,Mum,51,79,85,89,Yes,Good,Under-7,H
797,M,Jordan,Jordan,lowerlevel,G-02,A,French,S,Mum,50,90,83,13,Yes,Good,Under-7,H
268,M,Jordan,Jordan,MiddleSchool,G-06,A,English,F,Father,10,8,10,10,Yes,Bad,Above-7,M
255,M,KW,KuwaIT,lowerlevel,G-04,A,History,S,Father,10,17,12,40,Yes,Good,Under-7,H
583,M,KW,KuwaIT,lowerlevel,G-02,B,IT,F,Father,1,7,6,10,No,Bad,Above-7,L
722,M,KW,KuwaIT,MiddleSchool,G-07,B,Science,S,Father,22,20,18,6,No,Bad,Above-7,L
83,M,KW,KuwaIT,lowerlevel,G-02,B,IT,F,Father,7,4,10,50,No,Good,Above-7,M
760,M,Iraq,Iraq,MiddleSchool,G-06,A,English,F,Mum,74,71,56,37,No,Good,Under-7,H
864,F,Iraq,Iraq,lowerlevel,G-02,B,Arabic,F,Mum,89,92,40,28,Yes,Good,Under-7,H
568,F,KW,KuwaIT,lowerlevel,G-02,B,IT,F,Father,3,12,4,33,No,Bad,Under-7,L
479,F,Jordan,Jordan,MiddleSchool,G-08,A,History,S,Father,35,14,23,62,No,Bad,Above-7,L
485,F,KW,KuwaIT,lowerlevel,G-04,A,IT,F,Father,42,30,13,70,Yes,Bad,Above-7,M
773,F,Palestine,Palestine,lowerlevel,G-04,A,Science,S,Mum,62,64,72,84,Yes,Good,Under-7,H
15,F,KW,KuwaIT,MiddleSchool,G-06,A,IT,F,Father,30,40,22,66,Yes,Good,Under-7,M
539,F,USA,USA,MiddleSchool,G-07,A,Math,F,Father,27,22,22,40,No,Good,Under-7,M
867,M,Jordan,Jordan,lowerlevel,G-02,B,Arabic,S,Mum,20,77,31,88,Yes,Good,Under-7,M
57,M,KW,KuwaIT,MiddleSchool,G-07,A,Math,F,Father,5,2,6,5,Yes,Good,Above-7,L
491,M,KW,KuwaIT,MiddleSchool,G-07,B,Math,F,Father,19,6,19,12,Yes,Good,Under-7,M
114,M,KW,KuwaIT,lowerlevel,G-02,B,IT,F,Father,11,2,0,50,No,Bad,Above-7,L
905,F,Jordan,Jordan,MiddleSchool,G-08,A,Geology,S,Mum,84,77,79,68,Yes,Good,Under-7,H
227,M,KW,KuwaIT,MiddleSchool,G-08,A,Spanish,S,Father,5,3,2,10,Yes,Good,Under-7,L
435,M,Jordan,Jordan,MiddleSchool,G-08,A,Chemistry,S,Mum,79,88,79,20,Yes,Good,Above-7,M
342,M,Jordan,Jordan,lowerlevel,G-02,B,French,F,Mum,40,87,50,41,No,Bad,Under-7,M
139,M,Jordan,USA,MiddleSchool,G-07,A,Quran,F,Mum,100,85,85,70,No,Bad,Under-7,M
418,M,Palestine,Jordan,MiddleSchool,G-07,B,Biology,F,Father,88,90,76,81,Yes,Good,Under-7,H
219,M,KW,KuwaIT,MiddleSchool,G-08,C,Spanish,S,Mum,57,51,46,34,Yes,Good,Under-7,M
63,M,KW,KuwaIT,HighSchool,G-10,A,IT,F,Father,17,13,16,12,Yes,Bad,Under-7,M
402,M,Jordan,Jordan,MiddleSchool,G-07,A,Biology,F,Father,76,81,80,86,No,Good,Under-7,H
469,F,Jordan,Jordan,MiddleSchool,G-08,A,Chemistry,S,Father,9,6,15,85,No,Bad,Above-7,L
947,F,Jordan,Jordan,MiddleSchool,G-08,A,Geology,S,Mum,87,93,63,60,Yes,Good,Under-7,H
404,F,Syria,Syria,MiddleSchool,G-07,A,Biology,F,Mum,96,95,70,70,Yes,Good,Under-7,H
952,M,Palestine,Palestine,MiddleSchool,G-08,A,Geology,F,Father,80,87,74,68,Yes,Good,Under-7,M
370,M,Jordan,Jordan,lowerlevel,G-02,A,Arabic,F,Father,10,17,50,21,No,Bad,Under-7,M
688,M,Tunis,Tunis,MiddleSchool,G-08,C,Spanish,S,Mum,27,41,49,14,No,Bad,Under-7,M
943,M,Iraq,Iraq,MiddleSchool,G-08,A,History,S,Father,69,77,83,92,Yes,Good,Above-7,M
940,M,Iraq,Iraq,MiddleSchool,G-08,A,Geology,F,Father,80,83,82,71,Yes,Good,Above-7,M
445,M,Jordan,Jordan,MiddleSchool,G-08,A,Chemistry,S,Mum,72,76,66,40,Yes,Good,Above-7,L
31,M,KW,KuwaIT,MiddleSchool,G-07,A,IT,F,Father,4,5,40,16,Yes,Good,Above-7,L
182,M,KW,KuwaIT,MiddleSchool,G-08,A,Arabic,S,Mum,85,75,62,53,Yes,Bad,Under-7,H
578,F,KW,KuwaIT,lowerlevel,G-02,C,IT,F,Father,10,3,0,30,No,Bad,Under-7,M
405,F,Syria,Syria,MiddleSchool,G-07,A,Biology,S,Mum,80,91,87,72,Yes,Good,Under-7,H
88,F,KW,KuwaIT,lowerlevel,G-02,B,IT,F,Father,3,12,4,33,No,Bad,Under-7,L
78,M,KW,KuwaIT,HighSchool,G-11,A,Quran,F,Father,13,3,11,9,No,Bad,Above-7,L
130,F,KW,KuwaIT,lowerlevel,G-02,C,IT,F,Father,7,9,5,30,No,Bad,Above-7,L
955,F,Jordan,Jordan,MiddleSchool,G-08,A,Chemistry,S,Father,5,4,5,8,No,Bad,Above-7,L
938,M,Iraq,Iraq,MiddleSchool,G-08,A,Chemistry,F,Father,90,91,80,81,Yes,Good,Under-7,H
648,M,KW,KuwaIT,lowerlevel,G-02,B,French,S,Mum,60,52,23,33,Yes,Good,Under-7,H
187,F,KW,KuwaIT,MiddleSchool,G-08,A,Arabic,S,Father,80,71,52,51,Yes,Good,Under-7,M
289,M,Palestine,Jordan,MiddleSchool,G-06,A,English,S,Mum,75,71,76,80,Yes,Good,Under-7,M
396,M,Jordan,Jordan,MiddleSchool,G-07,A,Biology,F,Father,80,80,46,61,Yes,Bad,Under-7,M
632,F,SaudiArabia,USA,HighSchool,G-11,B,Science,S,Father,100,91,98,40,Yes,Bad,Under-7,H
887,M,Jordan,Jordan,MiddleSchool,G-07,A,Biology,S,Mum,3,8,19,3,No,Bad,Above-7,L
617,F,KW,USA,HighSchool,G-11,A,Quran,F,Mum,60,80,50,40,No,Bad,Under-7,M
249,M,KW,KuwaIT,lowerlevel,G-04,A,IT,S,Father,65,86,62,40,No,Good,Above-7,M
213,M,Tunis,Tunis,MiddleSchool,G-08,C,Spanish,S,Father,7,61,22,14,No,Bad,Above-7,L
823,M,Jordan,Jordan,lowerlevel,G-02,B,French,S,Mum,35,92,29,33,No,Bad,Under-7,M
853,F,Jordan,Jordan,lowerlevel,G-02,A,Arabic,S,Father,5,9,19,98,No,Bad,Above-7,L
206,M,KW,KuwaIT,MiddleSchool,G-08,B,Arabic,S,Father,67,31,42,14,Yes,Good,Under-7,M
245,F,KW,KuwaIT,MiddleSchool,G-06,A,IT,S,Father,50,40,52,66,Yes,Bad,Under-7,M
814,M,Lybia,Lybia,lowerlevel,G-02,A,French,F,Mum,10,8,9,3,No,Good,Above-7,L
195,M,KW,KuwaIT,MiddleSchool,G-08,A,Arabic,S,Father,15,43,42,33,Yes,Good,Under-7,M
413,M,Palestine,Jordan,MiddleSchool,G-07,B,Biology,S,Father,79,72,79,83,Yes,Good,Under-7,M
866,M,Jordan,Jordan,lowerlevel,G-02,B,Arabic,F,Mum,15,90,21,97,Yes,Good,Under-7,M
850,M,Jordan,Jordan,lowerlevel,G-02,A,Arabic,F,Father,10,17,50,21,No,Bad,Under-7,M
38,M,KW,KuwaIT,MiddleSchool,G-06,A,IT,F,Father,0,0,0,4,No,Bad,Above-7,L
623,M,KW,KuwaIT,MiddleSchool,G-07,A,Quran,S,Father,80,90,55,19,Yes,Good,Under-7,H
536,M,USA,USA,MiddleSchool,G-08,B,Math,F,Father,19,5,4,1,Yes,Good,Above-7,L
193,M,Morocco,Morocco,MiddleSchool,G-08,A,Arabic,S,Mum,81,75,62,53,No,Bad,Under-7,M
572,F,KW,KuwaIT,lowerlevel,G-02,B,IT,F,Father,50,70,19,15,Yes,Good,Under-7,H
719,M,Egypt,Egypt,MiddleSchool,G-07,B,Science,S,Mum,92,80,88,76,Yes,Good,Under-7,H
765,M,Jordan,Jordan,MiddleSchool,G-06,A,English,S,Father,41,39,35,39,Yes,Bad,Above-7,M
926,M,Jordan,Jordan,MiddleSchool,G-08,A,Geology,F,Mum,77,82,74,79,Yes,Good,Under-7,M
721,M,Egypt,Egypt,MiddleSchool,G-07,B,Science,S,Father,72,80,58,86,Yes,Good,Under-7,M
223,M,KW,KuwaIT,MiddleSchool,G-08,A,Spanish,S,Mum,72,83,12,90,Yes,Good,Under-7,H
530,F,KW,KuwaIT,HighSchool,G-12,A,English,F,Father,20,14,12,70,No,Bad,Above-7,L
277,M,Palestine,Jordan,MiddleSchool,G-06,A,English,S,Mum,92,31,42,27,Yes,Good,Under-7,H
198,M,Morocco,Morocco,MiddleSchool,G-08,B,Arabic,S,Father,27,15,42,53,No,Bad,Above-7,L
660,F,SaudiArabia,SaudiArabia,lowerlevel,G-02,B,French,S,Father,60,70,63,93,Yes,Bad,Under-7,H
366,M,Jordan,Jordan,lowerlevel,G-02,A,Arabic,F,Father,10,18,71,38,Yes,Good,Above-7,M
113,M,KW,KuwaIT,lowerlevel,G-02,B,IT,F,Father,25,27,0,69,No,Bad,Above-7,L
879,M,Palestine,Palestine,MiddleSchool,G-07,A,Biology,S,Father,89,92,89,83,Yes,Good,Under-7,H
96,F,KW,KuwaIT,lowerlevel,G-02,C,IT,F,Father,14,60,11,75,Yes,Good,Under-7,H
163,F,Jordan,USA,lowerlevel,G-02,B,French,S,Mum,60,82,93,43,No,Bad,Above-7,M
886,M,Jordan,Jordan,MiddleSchool,G-07,A,Biology,F,Mum,2,9,10,1,No,Bad,Above-7,L
229,M,KW,KuwaIT,MiddleSchool,G-08,A,Spanish,S,Father,5,17,21,10,No,Bad,Above-7,L
779,M,Jordan,Jordan,lowerlevel,G-04,A,Science,S,Father,32,14,32,29,No,Good,Above-7,M
439,M,Jordan,Jordan,MiddleSchool,G-08,A,Chemistry,S,Mum,70,82,75,29,Yes,Good,Under-7,M
931,F,Jordan,Jordan,MiddleSchool,G-08,A,Chemistry,S,Father,19,98,20,2,Yes,Good,Under-7,H
305,F,Jordan,Jordan,lowerlevel,G-04,B,Science,S,Father,32,44,29,89,Yes,Bad,Under-7,M
672,M,KW,KuwaIT,MiddleSchool,G-08,A,Arabic,S,Mum,95,91,62,53,Yes,Good,Under-7,M
922,M,Jordan,Jordan,MiddleSchool,G-08,A,History,F,Mum,69,77,76,75,Yes,Good,Above-7,M
339,F,Palestine,Jordan,lowerlevel,G-02,B,French,S,Father,79,89,11,14,No,Good,Under-7,M
152,F,SaudiArabia,USA,HighSchool,G-11,B,Science,S,Father,100,91,98,40,Yes,Bad,Under-7,H
891,F,Jordan,Jordan,MiddleSchool,G-07,B,Biology,S,Mum,59,90,19,43,No,Good,Under-7,H
308,M,Palestine,Jordan,lowerlevel,G-04,B,Science,F,Mum,95,57,74,89,Yes,Good,Above-7,M
835,M,Jordan,Jordan,lowerlevel,G-02,B,French,S,Mum,35,97,41,23,Yes,Good,Under-7,H
489,F,KW,KuwaIT,MiddleSchool,G-07,B,IT,F,Father,70,80,25,70,Yes,Good,Under-7,M
351,M,Egypt,Egypt,lowerlevel,G-02,B,French,S,Mum,7,9,11,10,No,Good,Above-7,L
939,M,Iraq,Iraq,MiddleSchool,G-08,A,Chemistry,S,Father,80,90,80,83,Yes,Good,Under-7,H
454,F,Jordan,Jordan,MiddleSchool,G-08,A,History,F,Father,45,87,57,80,Yes,Good,Under-7,M
694,M,KW,KuwaIT,MiddleSchool,G-08,C,Spanish,S,Father,17,50,2,4,No,Bad,Above-7,L
409,M,Jordan,Jordan,MiddleSchool,G-07,B,Biology,S,Father,53,88,9,33,No,Bad,Under-7,M
743,M,Egypt,Egypt,lowerlevel,G-04,A,Math,S,Mum,49,94,42,7,No,Bad,Above-7,M
30,F,KW,KuwaIT,MiddleSchool,G-08,A,Arabic,F,Father,35,80,50,70,Yes,Good,Under-7,H
251,M,Egypt,Egypt,lowerlevel,G-04,A,English,S,Mum,19,74,32,17,No,Good,Above-7,L
655,M,Iran,Iran,lowerlevel,G-02,B,French,S,Father,10,2,13,53,No,Bad,Above-7,L
854,M,Jordan,Jordan,lowerlevel,G-02,B,Arabic,F,Father,10,10,40,51,No,Bad,Above-7,L
137,F,KW,USA,HighSchool,G-11,A,Quran,F,Mum,60,80,50,40,No,Bad,Under-7,M
546,F,KW,KuwaIT,HighSchool,G-12,A,English,F,Father,25,10,19,30,No,Bad,Above-7,M
104,M,KW,KuwaIT,lowerlevel,G-02,B,IT,F,Father,0,12,3,3,Yes,Good,Above-7,M
509,F,KW,KuwaIT,MiddleSchool,G-08,A,Arabic,F,Father,30,90,33,35,No,Bad,Under-7,M
555,M,Jordan,Jordan,MiddleSchool,G-07,A,Quran,F,Mum,50,90,29,60,Yes,Good,Under-7,M
899,M,Palestine,Jordan,MiddleSchool,G-07,B,Biology,S,Father,99,96,89,84,Yes,Good,Under-7,H
352,F,Jordan,Jordan,lowerlevel,G-02,B,French,F,Mum,10,94,40,11,Yes,Good,Under-7,M
148,F,Jordan,Jordan,MiddleSchool,G-07,A,Quran,S,Father,60,55,30,40,No,Bad,Under-7,M
761,M,Iraq,Iraq,MiddleSchool,G-06,A,English,S,Mum,74,60,56,37,No,Good,Under-7,H
3,M,KW,KuwaIT,lowerlevel,G-04,A,IT,F,Father,30,25,5,35,No,Bad,Above-7,L
54,M,KW,KuwaIT,HighSchool,G-12,A,English,F,Mum,12,50,8,30,No,Bad,Above-7,L
704,M,KW,KuwaIT,MiddleSchool,G-08,B,Spanish,S,Mum,87,81,22,70,Yes,Bad,Under-7,H
414,F,Lybia,Lybia,MiddleSchool,G-07,B,Biology,F,Mum,10,9,2,1,No,Good,Above-7,L
815,M,Lybia,Lybia,lowerlevel,G-02,A,French,S,Mum,15,7,12,7,No,Good,Above-7,L
767,F,Jordan,Jordan,MiddleSchool,G-06,A,English,S,Mum,81,79,91,85,Yes,Good,Under-7,H
679,M,KW,KuwaIT,MiddleSchool,G-08,B,Arabic,S,Father,45,95,12,13,No,Bad,Under-7,M
764,M,Jordan,Jordan,MiddleSchool,G-06,A,English,F,Father,40,38,32,36,No,Bad,Above-7,M
447,M,Jordan,Jordan,MiddleSchool,G-08,A,Geology,S,Mum,71,84,67,80,Yes,Good,Under-7,M
751,F,Jordan,Jordan,MiddleSchool,G-06,A,English,S,Mum,92,81,32,36,No,Good,Under-7,M
23,M,KW,KuwaIT,MiddleSchool,G-07,A,IT,F,Father,2,0,2,50,No,Bad,Above-7,L
907,M,Jordan,Jordan,MiddleSchool,G-08,A,Chemistry,S,Mum,81,82,69,13,Yes,Good,Above-7,M
423,F,Jordan,Jordan,MiddleSchool,G-08,A,Geology,S,Mum,74,62,49,43,Yes,Good,Above-7,M
338,F,Palestine,Jordan,lowerlevel,G-02,B,French,F,Father,78,98,10,11,No,Good,Under-7,M
156,F,Tunis,USA,HighSchool,G-11,B,French,S,Father,70,50,30,49,Yes,Good,Under-7,M
72,M,KW,KuwaIT,MiddleSchool,G-07,A,Math,F,Father,11,2,2,8,No,Bad,Under-7,L
369,F,Palestine,Jordan,lowerlevel,G-02,A,Arabic,S,Mum,75,81,51,34,No,Good,Under-7,H
70,M,Jordan,Jordan,MiddleSchool,G-07,A,IT,F,Father,22,30,10,12,Yes,Good,Above-7,L
52,F,KW,KuwaIT,HighSchool,G-12,A,English,F,Father,55,90,16,40,No,Bad,Under-7,M
117,F,KW,KuwaIT,lowerlevel,G-02,C,IT,F,Mum,25,29,40,17,No,Good,Under-7,H
813,F,Jordan,Jordan,lowerlevel,G-02,A,French,S,Mum,25,80,29,23,No,Good,Under-7,M
128,M,KW,KuwaIT,lowerlevel,G-02,C,IT,F,Father,12,10,20,16,No,Bad,Under-7,L
42,M,KW,KuwaIT,HighSchool,G-09,A,IT,F,Father,10,12,7,33,Yes,Good,Above-7,L
796,M,Jordan,Jordan,lowerlevel,G-02,A,French,F,Mum,60,92,83,23,Yes,Good,Under-7,H
375,M,Jordan,Jordan,lowerlevel,G-02,B,Arabic,S,Father,35,2,29,23,No,Bad,Above-7,L
431,M,Jordan,SaudiArabia,MiddleSchool,G-08,A,Geology,S,Father,80,89,23,68,No,Bad,Under-7,H
393,F,Iraq,Iraq,MiddleSchool,G-07,A,Biology,S,Mum,90,90,57,22,Yes,Good,Under-7,H
776,F,Jordan,Jordan,lowerlevel,G-04,A,Science,F,Mum,98,87,86,84,No,Good,Under-7,H
880,M,Jordan,Jordan,MiddleSchool,G-07,A,Biology,F,Father,39,71,40,26,No,Good,Above-7,M
692,M,Tunis,Tunis,MiddleSchool,G-08,C,Spanish,S,Mum,87,81,42,19,Yes,Good,Under-7,H
373,F,Jordan,Jordan,lowerlevel,G-02,A,Arabic,S,Father,5,9,19,98,No,Bad,Above-7,L
253,M,KW,KuwaIT,lowerlevel,G-04,A,Arabic,S,Father,39,26,12,44,No,Bad,Above-7,L
244,M,KW,KuwaIT,MiddleSchool,G-07,B,IT,S,Mum,70,92,83,85,Yes,Bad,Under-7,H
279,M,Palestine,Jordan,MiddleSchool,G-06,A,English,S,Mum,72,41,46,27,No,Good,Under-7,M
132,M,KW,KuwaIT,lowerlevel,G-02,C,IT,S,Father,0,3,10,3,No,Bad,Above-7,L
582,F,KW,KuwaIT,lowerlevel,G-02,B,IT,F,Father,2,6,2,8,No,Bad,Above-7,L
834,M,Jordan,Jordan,lowerlevel,G-02,B,French,F,Mum,30,98,42,21,Yes,Good,Under-7,H
785,F,Jordan,Jordan,lowerlevel,G-04,B,Science,S,Father,32,44,29,89,Yes,Bad,Under-7,M
690,M,Jordan,SaudiArabia,MiddleSchool,G-08,C,Spanish,S,Mum,27,90,82,14,Yes,Good,Under-7,H
73,F,KW,KuwaIT,MiddleSchool,G-07,A,English,F,Father,19,30,26,19,Yes,Bad,Above-7,M
729,M,KW,KuwaIT,lowerlevel,G-04,A,IT,S,Father,65,86,62,40,No,Good,Above-7,M
613,M,KW,KuwaIT,lowerlevel,G-02,A,IT,S,Father,12,60,0,70,Yes,Good,Above-7,L
484,M,KW,KuwaIT,lowerlevel,G-04,A,IT,F,Father,40,50,12,50,No,Bad,Above-7,M
573,M,USA,USA,lowerlevel,G-02,B,IT,F,Father,55,89,40,40,Yes,Good,Under-7,H
507,M,KW,KuwaIT,MiddleSchool,G-08,A,Arabic,F,Father,25,15,12,33,No,Bad,Above-7,L
713,F,Jordan,Jordan,MiddleSchool,G-07,B,Science,S,Mum,32,80,58,46,Yes,Good,Above-7,M
28,M,KW,KuwaIT,MiddleSchool,G-08,A,Science,F,Father,75,85,52,43,Yes,Good,Under-7,M
774,M,Iraq,Iraq,lowerlevel,G-04,A,Science,F,Father,90,86,82,74,Yes,Good,Above-7,M
619,M,Jordan,USA,MiddleSchool,G-07,A,Quran,F,Mum,100,85,85,70,No,Bad,Under-7,M
307,M,Jordan,Jordan,lowerlevel,G-04,B,Science,S,Mum,72,64,59,89,Yes,Good,Under-7,H
332,F,Jordan,Jordan,lowerlevel,G-02,A,French,F,Mum,10,90,30,21,No,Good,Under-7,M
